date,model,start_equity,gross_pnl,commission,slippage,costs,net_pnl,equity,daily_return,shares,sizing_leverage
2025-04-02,A,100000.0,218.34000000001424,1.26,0.36,1.62,216.72000000001572,100216.72000000002,0.002167200000000147,180,1.0
2025-04-03,A,100216.72000000002,1153.3269999999975,1.295,0.37,1.665,1151.6619999999966,101368.38200000001,0.011491715154916315,185,1.0
2025-04-04,A,101368.38200000001,2095.801399999995,1.358,0.388,1.746,2094.055399999983,103462.4374,0.020657875352099175,194,1.0
2025-04-07,A,103462.4374,-1008.5040000000072,1.47,0.42,1.89,-1010.3940000000148,102452.04339999998,-0.009765805111411563,210,1.0
2025-04-08,A,102452.04339999998,153.5024000000006,1.379,0.394,1.7730000000000001,151.72940000001108,102603.77279999999,0.001480979734173049,197,1.0
2025-04-09,A,102603.77279999999,-1595.5936000000165,2.884,0.8240000000000001,3.708,-1599.3016000000207,101004.47119999997,-0.015587161722770748,206,1.0
2025-04-10,A,101004.47119999997,-148.91519999998854,1.344,0.384,1.7280000000000002,-150.64319999999134,100853.82799999998,-0.0014914508061896203,192,1.0
2025-04-11,A,100853.82799999998,-1759.7161000000024,2.702,0.772,3.474,-1763.1900999999925,99090.63789999999,-0.01748262941491907,193,1.0
2025-04-14,A,99090.63789999999,0.0,0.0,0.0,0.0,0.0,99090.63789999999,0.0,184,1.0
2025-04-15,A,99090.63789999999,0.0,0.0,0.0,0.0,0.0,99090.63789999999,0.0,184,1.0
2025-04-16,A,99090.63789999999,0.0,0.0,0.0,0.0,0.0,99090.63789999999,0.0,188,1.0
2025-04-17,A,99090.63789999999,0.0,0.0,0.0,0.0,0.0,99090.63789999999,0.0,188,1.0
2025-04-21,A,99090.63789999999,-154.63680000000386,1.344,0.384,1.7280000000000002,-156.3648000000103,98934.27309999998,-0.0015779977131422651,192,1.0
2025-04-22,A,98934.27309999998,196.45999999999844,1.33,0.38,1.71,194.75,99129.02309999998,0.0019684786060252257,190,1.0
2025-04-23,A,99129.02309999998,0.0,0.0,0.0,0.0,0.0,99129.02309999998,0.0,183,1.0
2025-04-24,A,99129.02309999998,833.9984000000004,1.288,0.368,1.6560000000000001,832.3424000000086,99961.36549999999,0.00839655606371048,184,1.0
2025-04-25,A,99961.36549999999,0.0,0.0,0.0,0.0,0.0,99961.36549999999,0.0,184,1.0
2025-04-28,A,99961.36549999999,0.0,0.0,0.0,0.0,0.0,99961.36549999999,0.0,182,1.0
2025-04-29,A,99961.36549999999,0.0,0.0,0.0,0.0,0.0,99961.36549999999,0.0,182,1.0
2025-04-30,A,99961.36549999999,0.0,0.0,0.0,0.0,0.0,99961.36549999999,0.0,185,1.0
2025-05-01,A,99961.36549999999,-875.6500999999936,1.2530000000000001,0.358,1.6110000000000002,-877.2610999999888,99084.1044,-0.008776001564324232,179,1.0
2025-05-02,A,99084.1044,81.82240000001002,1.232,0.352,1.584,80.238400000002,99164.3428,0.0008098009310966159,176,1.0
2025-05-05,A,99164.3428,0.0,0.0,0.0,0.0,0.0,99164.3428,0.0,176,1.0
2025-05-06,A,99164.3428,0.0,0.0,0.0,0.0,0.0,99164.3428,0.0,178,1.0
2025-05-07,A,99164.3428,0.0,0.0,0.0,0.0,0.0,99164.3428,0.0,177,1.0
2025-05-08,A,99164.3428,-579.233600000005,1.232,0.352,1.584,-580.8176000000094,98583.52519999999,-0.005857121457169656,176,1.0
2025-05-09,A,98583.52519999999,0.0,0.0,0.0,0.0,0.0,98583.52519999999,0.0,174,1.0
2025-05-12,A,98583.52519999999,0.0,0.0,0.0,0.0,0.0,98583.52519999999,0.0,171,1.0
2025-05-13,A,98583.52519999999,0.0,0.0,0.0,0.0,0.0,98583.52519999999,0.0,169,1.0
2025-05-14,A,98583.52519999999,0.0,0.0,0.0,0.0,0.0,98583.52519999999,0.0,168,1.0
2025-05-15,A,98583.52519999999,0.0,0.0,0.0,0.0,0.0,98583.52519999999,0.0,169,1.0
2025-05-16,A,98583.52519999999,68.08589999999617,1.169,0.334,1.5030000000000001,66.58289999999397,98650.10809999998,0.0006753958114695813,167,1.0
2025-05-19,A,98650.10809999998,0.0,0.0,0.0,0.0,0.0,98650.10809999998,0.0,167,1.0
2025-05-20,A,98650.10809999998,0.0,0.0,0.0,0.0,0.0,98650.10809999998,0.0,167,1.0
2025-05-21,A,98650.10809999998,268.9343999999892,1.176,0.336,1.512,267.42239999999583,98917.53049999998,0.0027108171004628367,168,1.0
2025-05-22,A,98917.53049999998,0.0,0.0,0.0,0.0,0.0,98917.53049999998,0.0,170,1.0
2025-05-23,A,98917.53049999998,0.0,0.0,0.0,0.0,0.0,98917.53049999998,0.0,172,1.0
2025-05-27,A,98917.53049999998,549.6217999999835,1.183,0.338,1.5210000000000001,548.1007999999856,99465.63129999996,0.005540987499682792,169,1.0
2025-05-28,A,99465.63129999996,271.38020000000756,1.183,0.338,1.5210000000000001,269.85920000000624,99735.49049999997,0.0027130899032459244,169,1.0
2025-05-29,A,99735.49049999997,0.0,0.0,0.0,0.0,0.0,99735.49049999997,0.0,169,1.0
2025-05-30,A,99735.49049999997,-726.8179999999984,1.19,0.34,1.53,-728.3479999999981,99007.14249999997,-0.007302796590748173,170,1.0
2025-06-02,A,99007.14249999997,67.21129999999766,1.183,0.338,1.5210000000000001,65.69029999998747,99072.83279999996,0.0006634905153433124,169,1.0
2025-06-03,A,99072.83279999996,376.67280000000846,1.176,0.336,1.512,375.1608000000124,99447.99359999997,0.003786717199833811,168,1.0
2025-06-04,A,99447.99359999997,0.0,0.0,0.0,0.0,0.0,99447.99359999997,0.0,167,1.0
2025-06-05,A,99447.99359999997,-719.9639999999927,1.176,0.336,1.512,-721.4759999999806,98726.51759999999,-0.007254806998941654,168,1.0
2025-06-06,A,98726.51759999999,0.0,0.0,0.0,0.0,0.0,98726.51759999999,0.0,165,1.0
2025-06-09,A,98726.51759999999,0.0,0.0,0.0,0.0,0.0,98726.51759999999,0.0,165,1.0
2025-06-10,A,98726.51759999999,0.0,0.0,0.0,0.0,0.0,98726.51759999999,0.0,165,1.0
2025-06-11,A,98726.51759999999,-127.18200000001298,1.1480000000000001,0.328,1.4760000000000002,-128.65800000001036,98597.85959999998,-0.0013031757133507016,164,1.0
2025-06-12,A,98597.85959999998,0.0,0.0,0.0,0.0,0.0,98597.85959999998,0.0,165,1.0
2025-06-13,A,98597.85959999998,-24.60149999999601,1.155,0.33,1.485,-26.086499999990338,98571.77309999999,-0.0002645747088813044,165,1.0
2025-06-16,A,98571.77309999999,0.0,0.0,0.0,0.0,0.0,98571.77309999999,0.0,164,1.0
2025-06-17,A,98571.77309999999,208.70640000000185,1.1480000000000001,0.328,1.4760000000000002,207.23040000000037,98779.00349999999,0.002102330043203926,164,1.0
2025-06-18,A,98779.00349999999,-541.728000000013,1.155,0.33,1.485,-543.2130000000034,98235.79049999999,-0.005499275967083439,165,1.0
2025-06-20,A,98235.79049999999,-6.5435999999981505,1.1480000000000001,0.328,1.4760000000000002,-8.019599999999627,98227.77089999999,-8.163623419921162e-05,164,1.0
2025-06-23,A,98227.77089999999,153.03749999998274,1.155,0.33,1.485,151.5524999999907,98379.32339999998,0.0015428681584790382,165,1.0
2025-06-24,A,98379.32339999998,162.5598999999993,1.141,0.326,1.467,161.09290000000328,98540.41629999998,0.0016374670452348195,163,1.0
2025-06-25,A,98540.41629999998,0.0,0.0,0.0,0.0,0.0,98540.41629999998,0.0,162,1.0
2025-06-26,A,98540.41629999998,158.3063999999879,1.1340000000000001,0.324,1.4580000000000002,156.84839999998803,98697.26469999997,0.00159171643361522,162,1.0
2025-06-27,A,98697.26469999997,-158.95530000000076,1.127,0.322,1.449,-160.4042999999947,98536.86039999998,-0.0016252152527991282,161,1.0
2025-06-30,A,98536.86039999998,0.0,0.0,0.0,0.0,0.0,98536.86039999998,0.0,160,1.0
2025-07-01,A,98536.86039999998,0.0,0.0,0.0,0.0,0.0,98536.86039999998,0.0,160,1.0
2025-07-02,A,98536.86039999998,287.2160000000076,1.12,0.32,1.4400000000000002,285.7760000000126,98822.63639999999,0.002900193885211344,160,1.0
2025-07-03,A,98822.63639999999,6.304199999998218,1.106,0.316,1.4220000000000002,4.882200000007288,98827.5186,4.940366071837232e-05,158,1.0
2025-07-07,A,98827.5186,223.72800000000848,1.106,0.316,1.4220000000000002,222.3060000000114,99049.8246,0.0022494341975718424,158,1.0
2025-07-08,A,99049.8246,0.0,0.0,0.0,0.0,0.0,99049.8246,0.0,160,1.0
2025-07-09,A,99049.8246,0.0,0.0,0.0,0.0,0.0,99049.8246,0.0,159,1.0
2025-07-10,A,99049.8246,49.14689999999109,1.113,0.318,1.431,47.71589999998105,99097.54049999999,0.0004817363401972141,159,1.0
2025-07-11,A,99097.54049999999,0.0,0.0,0.0,0.0,0.0,99097.54049999999,0.0,159,1.0
2025-07-14,A,99097.54049999999,0.0,0.0,0.0,0.0,0.0,99097.54049999999,0.0,159,1.0
2025-07-15,A,99097.54049999999,162.28180000000293,1.106,0.316,1.4220000000000002,160.85980000000563,99258.4003,0.0016232471480965849,158,1.0
2025-07-16,A,99258.4003,-17.551999999996042,1.12,0.32,1.4400000000000002,-18.99199999999837,99239.4083,-0.00019133896922174376,160,1.0
2025-07-17,A,99239.4083,130.80929999999057,1.113,0.318,1.431,129.37829999998212,99368.78659999998,0.0013036988250560988,159,1.0
2025-07-18,A,99368.78659999998,-31.52099999999109,1.106,0.316,1.4220000000000002,-32.94299999998475,99335.8436,-0.0003315226151708872,158,1.0
2025-07-21,A,99335.8436,0.0,0.0,0.0,0.0,0.0,99335.8436,0.0,157,1.0
2025-07-22,A,99335.8436,0.0,0.0,0.0,0.0,0.0,99335.8436,0.0,158,1.0
2025-07-23,A,99335.8436,546.7432000000078,1.106,0.316,1.4220000000000002,545.3212000000058,99881.1648,0.0054896720079800065,158,1.0
2025-07-24,A,99881.1648,0.0,0.0,0.0,0.0,0.0,99881.1648,0.0,157,1.0
2025-07-25,A,99881.1648,52.422299999995516,1.099,0.314,1.413,51.00929999999062,99932.17409999999,0.0005106998912369765,157,1.0
2025-07-28,A,99932.17409999999,0.0,0.0,0.0,0.0,0.0,99932.17409999999,0.0,157,1.0
2025-07-29,A,99932.17409999999,-3.139999999997144,1.099,0.314,1.413,-4.552999999999884,99927.62109999999,-4.556090209184571e-05,157,1.0
2025-07-30,A,99927.62109999999,-840.782099999991,2.198,0.628,2.826,-843.6080999999976,99084.01299999999,-0.008442191365246043,157,1.0
2025-07-31,A,99084.01299999999,0.0,0.0,0.0,0.0,0.0,99084.01299999999,0.0,155,1.0
2025-08-01,A,99084.01299999999,0.0,0.0,0.0,0.0,0.0,99084.01299999999,0.0,159,1.0
2025-08-04,A,99084.01299999999,0.0,0.0,0.0,0.0,0.0,99084.01299999999,0.0,157,1.0
2025-08-05,A,99084.01299999999,294.3436000000079,1.099,0.314,1.413,292.93060000000696,99376.9436,0.0029563861124599633,157,1.0
2025-08-06,A,99376.9436,283.62579999998957,1.106,0.316,1.4220000000000002,282.2037999999884,99659.14739999999,0.002839731126526468,158,1.0
2025-08-07,A,99659.14739999999,-157.12320000000182,1.092,0.312,1.4040000000000001,-158.52720000001136,99500.62019999998,-0.0015906939215899474,156,1.0
2025-08-08,A,99500.62019999998,0.0,0.0,0.0,0.0,0.0,99500.62019999998,0.0,156,1.0
2025-08-11,A,99500.62019999998,0.0,0.0,0.0,0.0,0.0,99500.62019999998,0.0,156,1.0
2025-08-12,A,99500.62019999998,522.7091999999939,1.092,0.312,1.4040000000000001,521.305199999988,100021.92539999996,0.0052392155843064,156,1.0
2025-08-13,A,100021.92539999996,0.0,0.0,0.0,0.0,0.0,100021.92539999996,0.0,155,1.0
2025-08-14,A,100021.92539999996,0.0,0.0,0.0,0.0,0.0,100021.92539999996,0.0,155,1.0
2025-08-15,A,100021.92539999996,0.0,0.0,0.0,0.0,0.0,100021.92539999996,0.0,155,1.0
2025-08-18,A,100021.92539999996,0.0,0.0,0.0,0.0,0.0,100021.92539999996,0.0,156,1.0
2025-08-19,A,100021.92539999996,224.7959999999871,1.092,0.312,1.4040000000000001,223.391999999978,100245.31739999994,0.0022334303114701637,156,1.0
2025-08-20,A,100245.31739999994,-657.0271999999866,1.106,0.316,1.4220000000000002,-658.4491999999882,99586.86819999995,-0.006568378624336457,158,1.0
2025-08-21,A,99586.86819999995,0.0,0.0,0.0,0.0,0.0,99586.86819999995,0.0,157,1.0
2025-08-22,A,99586.86819999995,164.9700000000007,1.092,0.312,1.4040000000000001,163.56599999999162,99750.43419999995,0.0016424454645114217,156,1.0
2025-08-25,A,99750.43419999995,0.0,0.0,0.0,0.0,0.0,99750.43419999995,0.0,155,1.0
2025-08-26,A,99750.43419999995,0.0,0.0,0.0,0.0,0.0,99750.43419999995,0.0,155,1.0
2025-08-27,A,99750.43419999995,0.0,0.0,0.0,0.0,0.0,99750.43419999995,0.0,155,1.0
2025-08-28,A,99750.43419999995,41.45680000001062,1.078,0.308,1.3860000000000001,40.07080000001588,99790.50499999996,0.0004017105321032499,154,1.0
2025-08-29,A,99790.50499999996,-203.26699999998993,1.085,0.31,1.395,-204.66199999998207,99585.84299999998,-0.002050916567663208,155,1.0
2025-09-02,A,99585.84299999998,-407.59680000001663,1.092,0.312,1.4040000000000001,-409.00080000002345,99176.84219999996,-0.004107017500469601,156,1.0
2025-09-03,A,99176.84219999996,-38.392199999992044,1.078,0.308,1.3860000000000001,-39.7781999999861,99137.06399999997,-0.00040108355053058986,154,1.0
2025-09-04,A,99137.06399999997,344.20539999999824,1.078,0.308,1.3860000000000001,342.81939999999304,99479.88339999996,0.0034580346256773975,154,1.0
2025-09-05,A,99479.88339999996,-112.13369999999577,1.071,0.306,1.377,-113.5106999999989,99366.37269999996,-0.0011410417475419266,153,1.0
2025-09-08,A,99366.37269999996,0.0,0.0,0.0,0.0,0.0,99366.37269999996,0.0,153,1.0
2025-09-09,A,99366.37269999996,0.0,0.0,0.0,0.0,0.0,99366.37269999996,0.0,153,1.0
2025-09-10,A,99366.37269999996,0.0,0.0,0.0,0.0,0.0,99366.37269999996,0.0,152,1.0
2025-09-11,A,99366.37269999996,27.089399999998022,1.057,0.302,1.359,25.730400000000373,99392.10309999996,0.0002589447445937587,151,1.0
2025-09-12,A,99392.10309999996,0.0,0.0,0.0,0.0,0.0,99392.10309999996,0.0,151,1.0
2025-09-15,A,99392.10309999996,0.0,0.0,0.0,0.0,0.0,99392.10309999996,0.0,150,1.0
2025-09-16,A,99392.10309999996,0.0,0.0,0.0,0.0,0.0,99392.10309999996,0.0,150,1.0
2025-09-17,A,99392.10309999996,-1.494900000002417,1.057,0.302,1.359,-2.853900000001886,99389.24919999996,-2.871354877287402e-05,151,1.0
2025-09-18,A,99389.24919999996,-333.56999999999744,1.05,0.3,1.35,-334.91999999999825,99054.32919999996,-0.0033697809641970444,150,1.0
2025-09-19,A,99054.32919999996,-22.349999999996612,1.043,0.298,1.341,-23.690999999991618,99030.63819999997,-0.00023917177766308306,149,1.0
2025-09-22,A,99030.63819999997,280.1199999999993,1.043,0.298,1.341,278.77900000000955,99309.41719999998,0.0028150782936184893,149,1.0
2025-09-23,A,99309.41719999998,349.38359999999284,1.036,0.296,1.332,348.0515999999916,99657.46879999997,0.00350471898650917,148,1.0
2025-09-24,A,99657.46879999997,-108.00000000000409,1.05,0.3,1.35,-109.35000000000582,99548.11879999997,-0.0010972584525447138,150,1.0
2025-09-25,A,99548.11879999997,0.0,0.0,0.0,0.0,0.0,99548.11879999997,0.0,151,1.0
2025-09-26,A,99548.11879999997,0.0,0.0,0.0,0.0,0.0,99548.11879999997,0.0,150,1.0
2025-09-29,A,99548.11879999997,0.0,0.0,0.0,0.0,0.0,99548.11879999997,0.0,149,1.0
2025-09-30,A,99548.11879999997,116.24999999999659,1.05,0.3,1.35,114.89999999999418,99663.01879999996,0.0011542156836819029,150,1.0
2025-10-01,A,99663.01879999996,67.69500000000903,1.05,0.3,1.35,66.34500000000116,99729.36379999996,0.0006656932611397437,150,1.0
2025-10-02,A,99729.36379999996,0.0,0.0,0.0,0.0,0.0,99729.36379999996,0.0,149,1.0
2025-10-03,A,99729.36379999996,-427.719999999998,1.036,0.296,1.332,-429.05199999999604,99300.31179999997,-0.004302163211032051,148,1.0
2025-10-06,A,99300.31179999997,-32.56000000000404,1.036,0.296,1.332,-33.8920000000071,99266.41979999996,-0.00034130809244858895,148,1.0
2025-10-07,A,99266.41979999996,16.170000000002005,1.029,0.294,1.323,14.846999999994296,99281.26679999995,0.00014956719533065765,147,1.0
2025-10-08,A,99281.26679999995,177.60000000000673,1.036,0.296,1.332,176.26800000001094,99457.53479999996,0.0017754406816252732,148,1.0
2025-10-09,A,99457.53479999996,-207.19999999999663,1.036,0.296,1.332,-208.53199999999197,99249.00279999997,-0.0020966938344021413,148,1.0
2025-10-10,A,99249.00279999997,2308.635000000006,1.029,0.294,1.323,2307.3120000000054,101556.31479999998,0.023247709648524628,147,1.0
2025-10-13,A,101556.31479999998,0.0,0.0,0.0,0.0,0.0,101556.31479999998,0.0,153,1.0
2025-10-14,A,101556.31479999998,0.0,0.0,0.0,0.0,0.0,101556.31479999998,0.0,154,1.0
2025-10-15,A,101556.31479999998,0.0,0.0,0.0,0.0,0.0,101556.31479999998,0.0,151,1.0
2025-10-16,A,101556.31479999998,177.83999999999378,1.064,0.304,1.368,176.4719999999943,101732.78679999997,0.0017376762867729045,152,1.0
2025-10-17,A,101732.78679999997,304.4700000000014,1.071,0.306,1.377,303.0929999999935,102035.87979999997,0.002979304996292509,153,1.0
2025-10-20,A,102035.87979999997,152.0,1.064,0.304,1.368,150.63200000001234,102186.51179999998,0.0014762650186901372,152,1.0
2025-10-21,A,102186.51179999998,0.0,0.0,0.0,0.0,0.0,102186.51179999998,0.0,152,1.0
2025-10-22,A,102186.51179999998,233.70000000000346,1.064,0.304,1.368,232.33200000000943,102418.84379999999,0.002273607307926584,152,1.0
2025-10-23,A,102418.84379999999,0.0,0.0,0.0,0.0,0.0,102418.84379999999,0.0,152,1.0
2025-10-24,A,102418.84379999999,0.0,0.0,0.0,0.0,0.0,102418.84379999999,0.0,151,1.0
2025-10-27,A,102418.84379999999,0.0,0.0,0.0,0.0,0.0,102418.84379999999,0.0,149,1.0
2025-10-28,A,102418.84379999999,0.0,0.0,0.0,0.0,0.0,102418.84379999999,0.0,149,1.0
2025-10-29,A,102418.84379999999,0.0,0.0,0.0,0.0,0.0,102418.84379999999,0.0,148,1.0
2025-10-30,A,102418.84379999999,537.890000000002,1.043,0.298,1.341,536.5490000000136,102955.3928,0.005238772281473514,149,1.0
2025-10-31,A,102955.3928,0.0,0.0,0.0,0.0,0.0,102955.3928,0.0,150,1.0
2025-11-03,A,102955.3928,-442.51500000000306,1.05,0.3,1.35,-443.86500000000524,102511.5278,-0.004311236040469013,150,1.0
2025-11-04,A,102511.5278,256.70000000000687,1.057,0.302,1.359,255.3410000000149,102766.86880000001,0.0024908515703538914,151,1.0
2025-11-05,A,102766.86880000001,-114.75999999999863,1.057,0.302,1.359,-116.1189999999915,102650.74980000002,-0.001129926418464433,151,1.0
2025-11-06,A,102650.74980000002,91.20000000000346,1.064,0.304,1.368,89.83200000000943,102740.58180000003,0.0008751226871215323,152,1.0
2025-11-07,A,102740.58180000003,-1171.940000000002,1.078,0.308,1.3860000000000001,-1173.326000000001,101567.25580000003,-0.011420277941233126,154,1.0
2025-11-10,A,101567.25580000003,102.06500000000881,1.043,0.298,1.341,100.72400000001653,101667.97980000004,0.000991697562434446,149,1.0
2025-11-11,A,101667.97980000004,-541.6149999999986,1.043,0.298,1.341,-542.955999999991,101125.02380000005,-0.005340481841658362,149,1.0
2025-11-12,A,101125.02380000005,0.0,0.0,0.0,0.0,0.0,101125.02380000005,0.0,147,1.0
2025-11-13,A,101125.02380000005,630.4799999999987,1.036,0.296,1.332,629.148000000001,101754.17180000005,0.006221486792866493,148,1.0
2025-11-14,A,101754.17180000005,-387.60000000001037,1.064,0.304,1.368,-388.96800000000803,101365.20380000005,-0.003822624597294433,152,1.0
2025-11-17,A,101365.20380000005,534.4499999999982,1.05,0.3,1.35,533.0999999999913,101898.30380000004,0.005259201185564999,150,1.0
2025-11-18,A,101898.30380000004,0.0,0.0,0.0,0.0,0.0,101898.30380000004,0.0,154,1.0
2025-11-19,A,101898.30380000004,0.0,0.0,0.0,0.0,0.0,101898.30380000004,0.0,153,1.0
2025-11-20,A,101898.30380000004,1083.000000000004,1.05,0.3,1.35,1081.6499999999942,102979.95380000003,0.010614995143815031,150,1.0
2025-11-21,A,102979.95380000003,-281.03000000001214,1.099,0.314,1.413,-282.44300000001385,102697.51080000002,-0.0027426988416459075,157,1.0
2025-11-24,A,102697.51080000002,507.4300000000112,1.078,0.308,1.3860000000000001,506.04400000000896,103203.55480000003,0.004927519625918864,154,1.0
2025-11-25,A,103203.55480000003,260.2599999999909,1.078,0.308,1.3860000000000001,258.87399999999616,103462.42880000002,0.0025083825891625278,154,1.0
2025-11-26,A,103462.42880000002,224.95999999998548,1.064,0.304,1.368,223.59199999998964,103686.02080000001,0.002161093670362213,152,1.0
2025-11-28,A,103686.02080000001,0.0,0.0,0.0,0.0,0.0,103686.02080000001,0.0,152,1.0
2025-12-01,A,103686.02080000001,-90.44000000000415,1.064,0.304,1.368,-91.80800000000454,103594.21280000001,-0.0008854424086454094,152,1.0
