model,trade_id,date,timestamp,signal_timestamp,source_timestamp,price_source_timestamp,action,order_side,direction,price,upper,lower,noise_sigma,noise_count,vwap_approx,long_stop,short_stop,shares,sizing_leverage,execution_notional_leverage,gross_pnl,commission,slippage,costs,net_pnl,reason
A,1,2025-04-02,2025-04-02 11:30:00,2025-04-02 11:30:00,2025-04-02 11:00:00,2025-04-02 11:00:00,ENTRY,BUY,1,560.0867,559.5486438128803,553.6124659559202,0.003189207828893267,14.0,557.4300935790885,559.5486438128803,553.6124659559202,180,1.0,1.00815606,0.0,0.63,0.18,0.81,-0.81,breakout_or_reverse
A,1,2025-04-02,2025-04-02 16:00:00,2025-04-02 16:00:00,2025-04-02 15:30:00,2025-04-02 16:00:00,EXIT,SELL,1,561.2997,561.221472360193,551.9467936515535,0.006188345730071757,14.0,559.6985848778005,561.221472360193,551.9467936515535,180,1.0,1.0103394600000002,218.34000000001424,0.63,0.18,0.81,217.53000000001424,session_close
A,2,2025-04-03,2025-04-03 10:30:00,2025-04-03 10:30:00,2025-04-03 10:00:00,2025-04-03 10:00:00,ENTRY,SELL,-1,539.8726,562.4234100693784,539.9576542499208,0.002002335775069229,14.0,540.5717226977987,562.4234100693784,539.9576542499208,185,1.0,0.9966044687952269,0.0,0.6475,0.185,0.8325,-0.8325,breakout_or_reverse
A,2,2025-04-03,2025-04-03 16:00:00,2025-04-03 16:00:00,2025-04-03 15:30:00,2025-04-03 16:00:00,EXIT,BUY,-1,533.6384,564.9584280874507,537.5141304564454,0.006518673341862592,14.0,537.86789182791,564.9584280874507,537.5141304564454,185,1.0,0.9850961396461587,1153.3269999999975,0.6475,0.185,0.8325,1152.4944999999975,session_close
A,3,2025-04-04,2025-04-04 10:30:00,2025-04-04 10:30:00,2025-04-04 10:00:00,2025-04-04 10:00:00,ENTRY,SELL,-1,513.2007,534.7886100288687,518.855841032859,0.0021557865026691375,14.0,517.5088611977078,534.7886100288687,517.5088611977078,194,1.0,0.9821695269832755,0.0,0.679,0.194,0.873,-0.873,breakout_or_reverse
A,3,2025-04-04,2025-04-04 16:00:00,2025-04-04 16:00:00,2025-04-04 15:30:00,2025-04-04 16:00:00,EXIT,BUY,-1,502.3976,537.2345141577412,516.4725532509161,0.0067392367295691724,14.0,509.55477975160295,537.2345141577412,509.55477975160295,194,1.0,0.961494427325475,2095.801399999995,0.679,0.194,0.873,2094.928399999995,session_close
A,4,2025-04-07,2025-04-07 14:00:00,2025-04-07 14:00:00,2025-04-07 13:30:00,2025-04-07 13:30:00,ENTRY,BUY,1,506.3052,505.0971760550519,489.9716706280815,0.0053735857663542485,14.0,496.595235738486,505.0971760550519,489.9716706280815,210,1.0,1.027658874775359,0.0,0.735,0.21,0.945,-0.945,breakout_or_reverse
A,4,2025-04-07,2025-04-07 16:00:00,2025-04-07 16:00:00,2025-04-07 15:30:00,2025-04-07 16:00:00,EXIT,SELL,1,501.5028,506.88636098304323,488.2173105203876,0.008934879220225424,14.0,497.4485562703862,506.88636098304323,488.2173105203876,210,1.0,1.0179113371632205,-1008.5040000000072,0.735,0.21,0.945,-1009.4490000000072,session_close
A,5,2025-04-08,2025-04-08 15:30:00,2025-04-08 15:30:00,2025-04-08 15:00:00,2025-04-08 15:00:00,ENTRY,SELL,-1,494.4271,524.0827677795579,497.61978181230666,0.007742369008043711,14.0,507.39754010307473,524.0827677795579,497.61978181230666,197,1.0,0.9507095755983722,0.0,0.6895,0.197,0.8865000000000001,-0.8865000000000001,breakout_or_reverse
A,5,2025-04-08,2025-04-08 16:00:00,2025-04-08 16:00:00,2025-04-08 15:30:00,2025-04-08 16:00:00,EXIT,BUY,-1,493.6479,525.3552070462947,496.39273850832075,0.010189102691948575,14.0,504.2758048834844,525.3552070462947,496.39273850832075,197,1.0,0.9492112902064384,153.5024000000006,0.6895,0.197,0.8865000000000001,152.61590000000058,session_close
A,6,2025-04-09,2025-04-09 11:00:00,2025-04-09 11:00:00,2025-04-09 10:30:00,2025-04-09 10:30:00,ENTRY,SELL,-1,490.317,500.5681753822103,490.4499849853459,0.0064775256977935925,14.0,495.30708028363483,500.5681753822103,490.4499849853459,206,1.0,0.984420935445368,0.0,0.721,0.20600000000000002,0.927,-0.927,breakout_or_reverse
A,6,2025-04-09,2025-04-09 13:30:00,2025-04-09 13:30:00,2025-04-09 13:00:00,2025-04-09 13:00:00,EXIT,BUY,-1,521.7765,502.4745092251854,488.5578294415391,0.010310534394294382,14.0,506.479169991323,506.479169991323,488.5578294415391,206,1.0,1.0475829111032458,-6480.65700000001,0.721,0.20600000000000002,0.927,-6481.58400000001,breakout_or_reverse
A,7,2025-04-09,2025-04-09 13:30:00,2025-04-09 13:30:00,2025-04-09 13:00:00,2025-04-09 13:00:00,ENTRY,BUY,1,521.7765,502.4745092251854,488.5578294415391,0.010310534394294382,14.0,506.479169991323,506.479169991323,488.5578294415391,206,1.0,1.0475829111032458,0.0,0.721,0.20600000000000002,0.927,-0.927,breakout_or_reverse
A,7,2025-04-09,2025-04-09 16:00:00,2025-04-09 16:00:00,2025-04-09 15:30:00,2025-04-09 16:00:00,EXIT,SELL,1,545.4904,504.02787899137746,487.0160128150793,0.013433848731201554,14.0,523.881491990171,523.881491990171,487.0160128150793,206,1.0,1.0951938640603283,4885.063399999994,0.721,0.20600000000000002,0.927,4884.136399999994,session_close
A,8,2025-04-10,2025-04-10 11:30:00,2025-04-10 11:30:00,2025-04-10 11:00:00,2025-04-10 11:00:00,ENTRY,SELL,-1,520.812,548.4838084258131,523.0003757266757,0.0054879233867320175,14.0,524.3210843454102,548.4838084258131,523.0003757266757,192,1.0,0.990014628184104,0.0,0.672,0.192,0.8640000000000001,-0.8640000000000001,breakout_or_reverse
A,8,2025-04-10,2025-04-10 16:00:00,2025-04-10 16:00:00,2025-04-10 15:30:00,2025-04-10 16:00:00,EXIT,BUY,-1,521.5876,556.5129387449573,515.2597958983569,0.02020703349933203,14.0,519.652360822587,556.5129387449573,515.2597958983569,192,1.0,0.9914889708367686,-148.91519999998854,0.672,0.192,0.8640000000000001,-149.77919999998855,session_close
A,9,2025-04-11,2025-04-11 10:30:00,2025-04-11 10:30:00,2025-04-11 10:00:00,2025-04-11 10:00:00,ENTRY,SELL,-1,517.5607,523.827645402225,519.9078548290978,0.0032198735876088663,14.0,519.9948656361954,523.827645402225,519.9078548290978,193,1.0,0.9904355350795413,0.0,0.6755,0.193,0.8685,-0.8685,breakout_or_reverse
A,9,2025-04-11,2025-04-11 13:00:00,2025-04-11 13:00:00,2025-04-11 12:30:00,2025-04-11 12:30:00,EXIT,BUY,-1,528.7863,526.6612755002227,517.0772589042513,0.008646761713233435,14.0,521.7901951432314,526.6612755002227,517.0772589042513,193,1.0,1.011917523844509,-2166.540799999997,0.6755,0.193,0.8685,-2167.409299999997,breakout_or_reverse
A,10,2025-04-11,2025-04-11 13:00:00,2025-04-11 13:00:00,2025-04-11 12:30:00,2025-04-11 12:30:00,ENTRY,BUY,1,528.7863,526.6612755002227,517.0772589042513,0.008646761713233435,14.0,521.7901951432314,526.6612755002227,517.0772589042513,193,1.0,1.011917523844509,0.0,0.6755,0.193,0.8685,-0.8685,breakout_or_reverse
A,10,2025-04-11,2025-04-11 16:00:00,2025-04-11 16:00:00,2025-04-11 15:30:00,2025-04-11 16:00:00,EXIT,SELL,1,530.8942,532.7325785282956,511.01245686042915,0.02027434935545952,14.0,525.9187586862336,532.7325785282956,511.01245686042915,193,1.0,1.0159513290858926,406.82469999999466,0.6755,0.193,0.8685,405.9561999999947,session_close
A,11,2025-04-21,2025-04-21 11:30:00,2025-04-21 11:30:00,2025-04-21 11:00:00,2025-04-21 11:00:00,ENTRY,SELL,-1,510.1432,526.918230265316,510.9874345189434,0.006708605227244892,14.0,512.4407686930335,526.918230265316,510.9874345189434,192,1.0,0.9884636578770073,0.0,0.672,0.192,0.8640000000000001,-0.8640000000000001,breakout_or_reverse
A,11,2025-04-21,2025-04-21 16:00:00,2025-04-21 16:00:00,2025-04-21 15:30:00,2025-04-21 16:00:00,EXIT,BUY,-1,510.9486,534.4304734935315,503.603909599454,0.02106119253210383,14.0,509.6615207560916,534.4304734935315,503.603909599454,192,1.0,0.9900242170103137,-154.63680000000386,0.672,0.192,0.8640000000000001,-155.50080000000386,session_close
A,12,2025-04-22,2025-04-22 12:00:00,2025-04-22 12:00:00,2025-04-22 11:30:00,2025-04-22 11:30:00,ENTRY,BUY,1,523.2083,523.151220457246,506.80471170069995,0.008109797974316157,14.0,521.0422774414017,523.151220457246,506.80471170069995,190,1.0,1.0048042390680891,0.0,0.665,0.19,0.855,-0.855,breakout_or_reverse
A,12,2025-04-22,2025-04-22 16:00:00,2025-04-22 16:00:00,2025-04-22 15:30:00,2025-04-22 16:00:00,EXIT,SELL,1,524.2423,529.472018091633,500.5812858041342,0.020289943555681502,14.0,522.2038146950179,529.472018091633,500.5812858041342,190,1.0,1.0067900018765086,196.45999999999844,0.665,0.19,0.855,195.60499999999845,session_close
A,13,2025-04-24,2025-04-24 10:30:00,2025-04-24 10:30:00,2025-04-24 10:00:00,2025-04-24 10:00:00,ENTRY,BUY,1,539.0388,538.6163901523701,530.1669761841295,0.004129726317484079,14.0,537.7359146023565,538.6163901523701,530.1669761841295,184,1.0,1.0005459158005163,0.0,0.644,0.184,0.8280000000000001,-0.8280000000000001,breakout_or_reverse
A,13,2025-04-24,2025-04-24 16:00:00,2025-04-24 16:00:00,2025-04-24 15:30:00,2025-04-24 16:00:00,EXIT,SELL,1,543.5714,547.6226671544887,521.2284593438029,0.020919914337418695,14.0,541.1248576029817,547.6226671544887,521.2284593438029,184,1.0,1.008959177365282,833.9984000000004,0.644,0.184,0.8280000000000001,833.1704000000004,session_close
A,14,2025-05-01,2025-05-01 11:00:00,2025-05-01 11:00:00,2025-05-01 10:30:00,2025-05-01 10:30:00,ENTRY,BUY,1,560.1761,559.7231509489936,548.9717510702137,0.004361174924763448,14.0,558.4602263259421,559.7231509489936,548.9717510702137,179,1.0,1.0031027627368698,0.0,0.6265000000000001,0.179,0.8055000000000001,-0.8055000000000001,breakout_or_reverse
A,14,2025-05-01,2025-05-01 16:00:00,2025-05-01 16:00:00,2025-05-01 15:30:00,2025-05-01 16:00:00,EXIT,SELL,1,555.2842,562.6253332412128,546.100378765449,0.00956881947531841,14.0,557.6467018841959,562.6253332412128,546.100378765449,179,1.0,0.994342877398969,-875.6500999999936,0.6265000000000001,0.179,0.8055000000000001,-876.4555999999935,session_close
A,15,2025-05-02,2025-05-02 10:30:00,2025-05-02 10:30:00,2025-05-02 10:00:00,2025-05-02 10:00:00,ENTRY,BUY,1,563.0621,562.3726332707109,553.1957014096646,0.0037607757297805078,14.0,561.2871037630063,562.3726332707109,553.1957014096646,176,1.0,1.0001496223848394,0.0,0.616,0.176,0.792,-0.792,breakout_or_reverse
A,15,2025-05-02,2025-05-02 16:00:00,2025-05-02 16:00:00,2025-05-02 15:30:00,2025-05-02 16:00:00,EXIT,SELL,1,563.527,565.4437793466869,550.151862420349,0.00924236531153605,14.0,563.1118709389392,565.4437793466869,550.151862420349,176,1.0,1.0009754097348436,81.82240000001002,0.616,0.176,0.792,81.03040000001002,session_close
A,16,2025-05-08,2025-05-08 12:00:00,2025-05-08 12:00:00,2025-05-08 11:30:00,2025-05-08 11:30:00,ENTRY,BUY,1,565.1277,564.1482895372973,554.6697741980579,0.005876751396574913,14.0,562.3068387809037,564.1482895372973,554.6697741980579,176,1.0,1.0030064475957985,0.0,0.616,0.176,0.792,-0.792,breakout_or_reverse
A,16,2025-05-08,2025-05-08 16:00:00,2025-05-08 16:00:00,2025-05-08 15:30:00,2025-05-08 16:00:00,EXIT,SELL,1,561.8366,565.0260345590196,553.7965733681755,0.007441771316654292,14.0,563.2785907326924,565.0260345590196,553.7965733681755,176,1.0,0.9971652996221944,-579.233600000005,0.616,0.176,0.792,-580.025600000005,session_close
A,17,2025-05-16,2025-05-16 15:30:00,2025-05-16 15:30:00,2025-05-16 15:00:00,2025-05-16 15:00:00,ENTRY,BUY,1,590.4027,590.3773452274023,583.9758532339066,0.005306918540114122,14.0,588.5496901651753,590.3773452274023,583.9758532339066,167,1.0,1.000139229145764,0.0,0.5845,0.167,0.7515000000000001,-0.7515000000000001,breakout_or_reverse
A,17,2025-05-16,2025-05-16 16:00:00,2025-05-16 16:00:00,2025-05-16 15:30:00,2025-05-16 16:00:00,EXIT,SELL,1,590.8104,590.0995413274806,584.2535770464118,0.004833868236191792,14.0,589.084433697431,590.0995413274806,584.2535770464118,167,1.0,1.000829870912346,68.08589999999617,0.5845,0.167,0.7515000000000001,67.33439999999617,session_close
A,18,2025-05-21,2025-05-21 13:30:00,2025-05-21 13:30:00,2025-05-21 13:00:00,2025-05-21 13:00:00,ENTRY,SELL,-1,581.1359,591.9466184530014,584.1576384931209,0.004205010065860192,14.0,585.7332133528736,591.9466184530014,584.1576384931209,168,1.0,0.9896677568871313,0.0,0.588,0.168,0.756,-0.756,breakout_or_reverse
A,18,2025-05-21,2025-05-21 16:00:00,2025-05-21 16:00:00,2025-05-21 15:30:00,2025-05-21 16:00:00,EXIT,BUY,-1,579.5351,591.4984548807504,584.6036401951197,0.003444725116923762,14.0,583.0727492259227,591.4984548807504,583.0727492259227,168,1.0,0.9869416128901336,268.9343999999892,0.588,0.168,0.756,268.17839999998915,session_close
A,19,2025-05-27,2025-05-27 10:30:00,2025-05-27 10:30:00,2025-05-27 10:00:00,2025-05-27 10:00:00,ENTRY,BUY,1,584.5256,583.9055497527045,574.8678024519016,0.0016298841261346048,14.0,583.6195936875437,583.9055497527045,574.8678024519016,169,1.0,0.9986584369895893,0.0,0.5915,0.169,0.7605000000000001,-0.7605000000000001,breakout_or_reverse
A,19,2025-05-27,2025-05-27 16:00:00,2025-05-27 16:00:00,2025-05-27 15:30:00,2025-05-27 16:00:00,EXIT,SELL,1,587.7778,585.3123006734095,573.4783032849454,0.004043020569685648,14.0,586.0581306160801,586.0581306160801,573.4783032849454,169,1.0,1.004214800934603,549.6217999999835,0.5915,0.169,0.7605000000000001,548.8612999999835,session_close
A,20,2025-05-28,2025-05-28 11:00:00,2025-05-28 11:00:00,2025-05-28 10:30:00,2025-05-28 10:30:00,ENTRY,SELL,-1,585.9831,588.7597458482024,586.4085018112709,0.001670948073220792,14.0,586.9176777218751,588.7597458482024,586.4085018112709,169,1.0,0.9956317836189117,0.0,0.5915,0.169,0.7605000000000001,-0.7605000000000001,breakout_or_reverse
A,20,2025-05-28,2025-05-28 16:00:00,2025-05-28 16:00:00,2025-05-28 15:30:00,2025-05-28 16:00:00,EXIT,BUY,-1,584.3773,590.3988921069717,584.7704364597867,0.004459666559208304,14.0,586.0180798779073,590.3988921069717,584.7704364597867,169,1.0,0.9929034020015317,271.38020000000756,0.5915,0.169,0.7605000000000001,270.6197000000076,session_close
A,21,2025-05-30,2025-05-30 12:30:00,2025-05-30 12:30:00,2025-05-30 12:00:00,2025-05-30 12:00:00,ENTRY,SELL,-1,581.7524,588.3567434639568,582.4036124181986,0.002851524899710451,14.0,584.2875594546473,588.3567434639568,582.4036124181986,170,1.0,0.9916019613900633,0.0,0.595,0.17,0.765,-0.765,breakout_or_reverse
A,21,2025-05-30,2025-05-30 16:00:00,2025-05-30 16:00:00,2025-05-30 15:30:00,2025-05-30 16:00:00,EXIT,BUY,-1,586.0278,589.5071679018272,581.2583151285087,0.004812418379077635,14.0,584.5325743580354,589.5071679018272,581.2583151285087,170,1.0,0.9988894174035272,-726.8179999999984,0.595,0.17,0.765,-727.5829999999984,session_close
A,22,2025-06-02,2025-06-02 15:30:00,2025-06-02 15:30:00,2025-06-02 15:00:00,2025-06-02 15:00:00,ENTRY,BUY,1,588.9312,588.8435924575138,580.1839264680343,0.004805221558700961,14.0,585.9782545255547,588.8435924575138,580.1839264680343,169,1.0,1.0052746729863458,0.0,0.5915,0.169,0.7605000000000001,-0.7605000000000001,breakout_or_reverse
A,22,2025-06-02,2025-06-02 16:00:00,2025-06-02 16:00:00,2025-06-02 15:30:00,2025-06-02 16:00:00,EXIT,SELL,1,589.3289,588.80063775828,580.2266581725124,0.00473192347643694,14.0,586.6739226335377,588.80063775828,580.2266581725124,169,1.0,1.0059535260297006,67.21129999999766,0.5915,0.169,0.7605000000000001,66.45079999999767,session_close
A,23,2025-06-03,2025-06-03 10:30:00,2025-06-03 10:30:00,2025-06-03 10:00:00,2025-06-03 10:00:00,ENTRY,BUY,1,590.4475,590.2985131575489,588.1407464111857,0.0016456234993287061,14.0,589.7206942689309,590.2985131575489,588.1407464111857,168,1.0,1.001234921789781,0.0,0.588,0.168,0.756,-0.756,breakout_or_reverse
A,23,2025-06-03,2025-06-03 16:00:00,2025-06-03 16:00:00,2025-06-03 15:30:00,2025-06-03 16:00:00,EXIT,SELL,1,592.6896,592.27797279262,586.1620206822188,0.005004461504453907,14.0,592.0448841023593,592.27797279262,586.1620206822188,168,1.0,1.0050369004892332,376.67280000000846,0.588,0.168,0.756,375.91680000000844,session_close
A,24,2025-06-05,2025-06-05 11:00:00,2025-06-05 11:00:00,2025-06-05 10:30:00,2025-06-05 10:30:00,ENTRY,BUY,1,593.9524,593.5521158034018,589.8411644488906,0.0017244954450458896,14.0,592.5599970943931,593.5521158034018,589.8411644488906,168,1.0,1.0033787468991233,0.0,0.588,0.168,0.756,-0.756,breakout_or_reverse
A,24,2025-06-05,2025-06-05 16:00:00,2025-06-05 16:00:00,2025-06-05 15:30:00,2025-06-05 16:00:00,EXIT,SELL,1,589.6669,595.6971426412026,587.7021839243745,0.0053446087756230465,14.0,591.7558524195986,595.6971426412026,587.7021839243745,168,1.0,0.9961391438268297,-719.9639999999927,0.588,0.168,0.756,-720.7199999999926,session_close
A,25,2025-06-11,2025-06-11 14:30:00,2025-06-11 14:30:00,2025-06-11 14:00:00,2025-06-11 14:00:00,ENTRY,SELL,-1,597.1541,602.5781638126457,597.250316830805,0.003984365888496393,14.0,599.6391739622886,602.5781638126457,597.250316830805,164,1.0,0.9919652265745471,0.0,0.5740000000000001,0.164,0.7380000000000001,-0.7380000000000001,breakout_or_reverse
A,25,2025-06-11,2025-06-11 16:00:00,2025-06-11 16:00:00,2025-06-11 15:30:00,2025-06-11 16:00:00,EXIT,BUY,-1,597.9296,602.9641556303015,596.864676992436,0.004627485360060547,14.0,598.9204393956985,602.9641556303015,596.864676992436,164,1.0,0.9932534518973047,-127.18200000001298,0.5740000000000001,0.164,0.7380000000000001,-127.92000000001298,session_close
A,26,2025-06-13,2025-06-13 10:30:00,2025-06-13 10:30:00,2025-06-13 10:00:00,2025-06-13 10:00:00,ENTRY,SELL,-1,593.4453,601.6168954043677,594.0638976648488,0.0021842128175154868,14.0,594.6182150892531,601.6168954043677,594.0638976648488,165,1.0,0.9931095350065795,0.0,0.5775,0.165,0.7425,-0.7425,breakout_or_reverse
A,26,2025-06-13,2025-06-13 16:00:00,2025-06-13 16:00:00,2025-06-13 15:30:00,2025-06-13 16:00:00,EXIT,BUY,-1,593.5944,602.8440430989035,592.8468512030978,0.004228417452813581,14.0,594.7775910388582,602.8440430989035,592.8468512030978,165,1.0,0.9933590485365872,-24.60149999999601,0.5775,0.165,0.7425,-25.343999999996008,session_close
A,27,2025-06-17,2025-06-17 13:30:00,2025-06-17 13:30:00,2025-06-17 13:00:00,2025-06-17 13:00:00,ENTRY,SELL,-1,595.3941,600.9369783344397,595.8711747362531,0.0028288719752856567,14.0,596.9986961596352,600.9369783344397,595.8711747362531,164,1.0,0.990594257657723,0.0,0.5740000000000001,0.164,0.7380000000000001,-0.7380000000000001,breakout_or_reverse
A,27,2025-06-17,2025-06-17 16:00:00,2025-06-17 16:00:00,2025-06-17 15:30:00,2025-06-17 16:00:00,EXIT,BUY,-1,594.1215,601.4116615275801,595.3978224961623,0.0036210116309978646,14.0,595.6199416458481,601.4116615275801,595.3978224961623,164,1.0,0.9884769537538125,208.70640000000185,0.5740000000000001,0.164,0.7380000000000001,207.96840000000185,session_close
A,28,2025-06-18,2025-06-18 10:30:00,2025-06-18 10:30:00,2025-06-18 10:00:00,2025-06-18 10:00:00,ENTRY,BUY,1,597.3151,597.0489628194351,592.8357828235562,0.002163560526781088,14.0,596.4629455741511,597.0489628194351,592.8357828235562,165,1.0,0.9977524373385688,0.0,0.5775,0.165,0.7425,-0.7425,breakout_or_reverse
A,28,2025-06-18,2025-06-18 16:00:00,2025-06-18 16:00:00,2025-06-18 15:30:00,2025-06-18 16:00:00,EXIT,SELL,1,594.0319,597.9439752448744,591.9432323733465,0.0036658641816745352,14.0,595.1294923877315,597.9439752448744,591.9432323733465,165,1.0,0.9922681949307172,-541.728000000013,0.5775,0.165,0.7425,-542.470500000013,session_close
A,29,2025-06-20,2025-06-20 11:00:00,2025-06-20 11:00:00,2025-06-20 10:30:00,2025-06-20 10:30:00,ENTRY,SELL,-1,592.597,596.9255517060442,592.7083391958389,0.0022277612527430357,14.0,594.4271112389391,596.9255517060442,592.7083391958389,164,1.0,0.9893126273565235,0.0,0.5740000000000001,0.164,0.7380000000000001,-0.7380000000000001,breakout_or_reverse
A,29,2025-06-20,2025-06-20 16:00:00,2025-06-20 16:00:00,2025-06-20 15:30:00,2025-06-20 16:00:00,EXIT,BUY,-1,592.6369,597.8245265254652,591.8117295487092,0.0037371245529333463,14.0,593.1633134404727,597.8245265254652,591.8117295487092,164,1.0,0.9893792385169436,-6.5435999999981505,0.5740000000000001,0.164,0.7380000000000001,-7.28159999999815,session_close
A,30,2025-06-23,2025-06-23 15:30:00,2025-06-23 15:30:00,2025-06-23 15:00:00,2025-06-23 15:00:00,ENTRY,BUY,1,597.5632,597.5614967376882,590.185491732761,0.004136274134915511,14.0,595.0783582684878,597.5614967376882,590.185491732761,165,1.0,1.0037683548818068,0.0,0.5775,0.165,0.7425,-0.7425,breakout_or_reverse
A,30,2025-06-23,2025-06-23 16:00:00,2025-06-23 16:00:00,2025-06-23 15:30:00,2025-06-23 16:00:00,EXIT,SELL,1,598.4907,597.3927933555491,590.3534968286104,0.0038527866838332487,14.0,595.6128741339235,597.3927933555491,590.3534968286104,165,1.0,1.0053263409645388,153.03749999998274,0.5775,0.165,0.7425,152.29499999998276,session_close
A,31,2025-06-24,2025-06-24 11:30:00,2025-06-24 11:30:00,2025-06-24 11:00:00,2025-06-24 11:00:00,ENTRY,BUY,1,604.1051,603.4988029395971,597.2100558156488,0.0021396228852233945,14.0,602.9179970206278,603.4988029395971,597.2100558156488,163,1.0,1.0009128737309452,0.0,0.5705,0.163,0.7335,-0.7335,breakout_or_reverse
A,31,2025-06-24,2025-06-24 16:00:00,2025-06-24 16:00:00,2025-06-24 15:30:00,2025-06-24 16:00:00,EXIT,SELL,1,605.1024,604.3075178675599,596.4063361142998,0.003482534037627581,14.0,604.3084606661304,604.3084606661304,596.4063361142998,163,1.0,1.0025652524461255,162.5598999999993,0.5705,0.163,0.7335,161.82639999999927,session_close
A,32,2025-06-26,2025-06-26 12:30:00,2025-06-26 12:30:00,2025-06-26 12:00:00,2025-06-26 12:00:00,ENTRY,BUY,1,609.201,609.0937288033412,603.8884424758021,0.0025648358052182845,14.0,608.3232842059933,609.0937288033412,603.8884424758021,162,1.0,1.0015236966276144,0.0,0.5670000000000001,0.162,0.7290000000000001,-0.7290000000000001,breakout_or_reverse
A,32,2025-06-26,2025-06-26 16:00:00,2025-06-26 16:00:00,2025-06-26 15:30:00,2025-06-26 16:00:00,EXIT,SELL,1,610.1782,609.6112546902654,603.3727005220181,0.003416680490712817,14.0,609.2820523152791,609.6112546902654,603.3727005220181,162,1.0,1.0031302090206413,158.3063999999879,0.5670000000000001,0.162,0.7290000000000001,157.57739999998788,session_close
A,33,2025-06-27,2025-06-27 12:00:00,2025-06-27 12:00:00,2025-06-27 11:30:00,2025-06-27 11:30:00,ENTRY,BUY,1,614.1971,613.9346618531844,608.9997076146,0.0019313905108375162,14.0,613.2531671444261,613.9346618531844,608.9997076146,161,1.0,1.0019095605189556,0.0,0.5635,0.161,0.7245,-0.7245,breakout_or_reverse
A,33,2025-06-27,2025-06-27 16:00:00,2025-06-27 16:00:00,2025-06-27 15:30:00,2025-06-27 16:00:00,EXIT,SELL,1,613.2098,614.9467736486814,607.9918457718567,0.003583140512301543,14.0,612.3010070328572,614.9467736486814,607.9918457718567,161,1.0,1.0002990265240859,-158.95530000000076,0.5635,0.161,0.7245,-159.67980000000077,session_close
A,34,2025-07-02,2025-07-02 10:30:00,2025-07-02 10:30:00,2025-07-02 10:00:00,2025-07-02 10:00:00,ENTRY,BUY,1,616.9395,616.8330645779022,614.7028401963082,0.0014463444425502942,14.0,616.2615933914706,616.8330645779022,614.7028401963082,160,1.0,1.0017603524132581,0.0,0.56,0.16,0.7200000000000001,-0.7200000000000001,breakout_or_reverse
A,34,2025-07-02,2025-07-02 16:00:00,2025-07-02 16:00:00,2025-07-02 15:30:00,2025-07-02 16:00:00,EXIT,SELL,1,618.7346,617.9943972031067,613.5421655956492,0.003331801592920236,14.0,617.5629370327387,617.9943972031067,613.5421655956492,160,1.0,1.0046751601190655,287.2160000000076,0.56,0.16,0.7200000000000001,286.4960000000076,session_close
A,35,2025-07-03,2025-07-03 11:00:00,2025-07-03 11:00:00,2025-07-03 10:30:00,2025-07-03 10:30:00,ENTRY,BUY,1,623.5711,623.5599876846582,617.6947630400692,0.0016802637123954673,14.0,622.9699681577277,623.5599876846582,617.6947630400692,158,1.0,0.9969804225947569,0.0,0.553,0.158,0.7110000000000001,-0.7110000000000001,breakout_or_reverse
A,35,2025-07-03,2025-07-03 13:00:00,2025-07-03 13:00:00,2025-07-03 12:30:00,2025-07-03 13:00:00,EXIT,SELL,1,623.611,624.0486235903717,617.2090938921623,0.0024652033373896037,14.0,623.4402802926269,624.0486235903717,617.2090938921623,158,1.0,0.9970442156712186,6.304199999998218,0.553,0.158,0.7110000000000001,5.593199999998218,session_close
A,36,2025-07-07,2025-07-07 11:00:00,2025-07-07 11:00:00,2025-07-07 10:30:00,2025-07-07 10:30:00,ENTRY,SELL,-1,620.3799,624.5943417551177,620.8951943970885,0.0015768512023003889,14.0,621.2577450675545,624.5943417551177,620.8951943970885,158,1.0,0.9918292555409765,0.0,0.553,0.158,0.7110000000000001,-0.7110000000000001,breakout_or_reverse
A,36,2025-07-07,2025-07-07 16:00:00,2025-07-07 16:00:00,2025-07-07 15:30:00,2025-07-07 16:00:00,EXIT,BUY,-1,618.9639,625.6782269516369,619.814325115287,0.0033149302235479386,13.0,619.0016642529409,625.6782269516369,619.0016642529409,158,1.0,0.9895654326385162,223.72800000000848,0.553,0.158,0.7110000000000001,223.0170000000085,session_close
A,37,2025-07-10,2025-07-10 11:30:00,2025-07-10 11:30:00,2025-07-10 11:00:00,2025-07-10 11:00:00,ENTRY,BUY,1,623.7806,623.445972283072,620.5262743257108,0.0017859724682979885,14.0,622.4753565849886,623.445972283072,620.5262743257108,159,1.0,1.0013255025996282,0.0,0.5565,0.159,0.7155,-0.7155,breakout_or_reverse
A,37,2025-07-10,2025-07-10 16:00:00,2025-07-10 16:00:00,2025-07-10 15:30:00,2025-07-10 16:00:00,EXIT,SELL,1,624.0897,624.2005575545439,619.7725353844995,0.0029984800047945406,13.0,623.6325801745178,624.2005575545439,619.7725353844995,159,1.0,1.0018216862142733,49.14689999999109,0.5565,0.159,0.7155,48.43139999999109,session_close
A,38,2025-07-15,2025-07-15 13:00:00,2025-07-15 13:00:00,2025-07-15 12:30:00,2025-07-15 12:30:00,ENTRY,SELL,-1,621.447,625.5627517728825,621.4919139233427,0.0025526095371291024,14.0,622.9989984582206,625.5627517728825,621.4919139233427,158,1.0,0.9908280821560855,0.0,0.553,0.158,0.7110000000000001,-0.7110000000000001,breakout_or_reverse
A,38,2025-07-15,2025-07-15 16:00:00,2025-07-15 16:00:00,2025-07-15 15:30:00,2025-07-15 16:00:00,EXIT,BUY,-1,620.4199,625.5739758623362,621.4807058002043,0.0025705977247883526,13.0,622.2424770492013,625.5739758623362,621.4807058002043,158,1.0,0.9891904855095773,162.28180000000293,0.553,0.158,0.7110000000000001,161.57080000000295,session_close
A,39,2025-07-16,2025-07-16 15:00:00,2025-07-16 15:00:00,2025-07-16 14:30:00,2025-07-16 14:30:00,ENTRY,BUY,1,622.6038,622.3028687246536,618.4473035285282,0.003035152528422953,13.0,620.4384878080892,622.3028687246536,618.4473035285282,160,1.0,1.0036088401477088,0.0,0.56,0.16,0.7200000000000001,-0.7200000000000001,breakout_or_reverse
A,39,2025-07-16,2025-07-16 16:00:00,2025-07-16 16:00:00,2025-07-16 15:30:00,2025-07-16 16:00:00,EXIT,SELL,1,622.4941,622.0569843675868,618.6931523357515,0.002638833202271651,13.0,620.7290632583229,622.0569843675868,618.6931523357515,160,1.0,1.003432008766718,-17.551999999996042,0.56,0.16,0.7200000000000001,-18.27199999999604,session_close
A,40,2025-07-17,2025-07-17 12:00:00,2025-07-17 12:00:00,2025-07-17 11:30:00,2025-07-17 11:30:00,ENTRY,BUY,1,625.4808,625.3123521358553,621.3242400065095,0.0018791506319586085,14.0,624.4186964406681,625.3123521358553,621.3242400065095,159,1.0,1.0021366401073153,0.0,0.5565,0.159,0.7155,-0.7155,breakout_or_reverse
A,40,2025-07-17,2025-07-17 16:00:00,2025-07-17 16:00:00,2025-07-17 15:30:00,2025-07-17 16:00:00,EXIT,SELL,1,626.3035,625.8695209157597,620.7685401630006,0.0027718497479484695,13.0,625.4057531754368,625.8695209157597,620.7685401630006,159,1.0,1.0034547586072216,130.80929999999057,0.5565,0.159,0.7155,130.09379999999058,session_close
A,41,2025-07-18,2025-07-18 10:30:00,2025-07-18 10:30:00,2025-07-18 10:00:00,2025-07-18 10:00:00,ENTRY,SELL,-1,625.6453,628.043230113929,625.7615054939279,0.0008653863599230356,14.0,626.6269420229543,628.043230113929,625.7615054939279,158,1.0,0.9947988778198488,0.0,0.553,0.158,0.7110000000000001,-0.7110000000000001,breakout_or_reverse
A,41,2025-07-18,2025-07-18 16:00:00,2025-07-18 16:00:00,2025-07-18 15:30:00,2025-07-18 16:00:00,EXIT,BUY,-1,625.8448,629.1969292170061,624.6100066000565,0.002703950081619235,13.0,625.817879455216,629.1969292170061,624.6100066000565,158,1.0,0.9951160901063072,-31.52099999999109,0.553,0.158,0.7110000000000001,-32.23199999999109,session_close
A,42,2025-07-23,2025-07-23 10:30:00,2025-07-23 10:30:00,2025-07-23 10:00:00,2025-07-23 10:00:00,ENTRY,BUY,1,628.9961,628.8823201478549,626.4583394753274,0.0010569895016668193,14.0,628.5000809207951,628.8823201478549,626.4583394753274,158,1.0,1.000458446803788,0.0,0.553,0.158,0.7110000000000001,-0.7110000000000001,breakout_or_reverse
A,42,2025-07-23,2025-07-23 16:00:00,2025-07-23 16:00:00,2025-07-23 15:30:00,2025-07-23 16:00:00,EXIT,SELL,1,632.4565,630.1707224778319,625.1721871692613,0.0031078726580105595,13.0,630.4826797588973,630.4826797588973,625.1721871692613,158,1.0,1.0059624338862514,546.7432000000078,0.553,0.158,0.7110000000000001,546.0322000000078,session_close
A,43,2025-07-25,2025-07-25 12:30:00,2025-07-25 12:30:00,2025-07-25 12:00:00,2025-07-25 12:00:00,ENTRY,BUY,1,635.0045,634.8815585181638,631.3194877338733,0.0021279991207470627,14.0,634.0859278073643,634.8815585181638,631.3194877338733,157,1.0,0.9981432104804608,0.0,0.5495,0.157,0.7065,-0.7065,breakout_or_reverse
A,43,2025-07-25,2025-07-25 16:00:00,2025-07-25 16:00:00,2025-07-25 15:30:00,2025-07-25 16:00:00,EXIT,SELL,1,635.3384,635.4852312611644,630.7166416978339,0.0030808656041881244,14.0,634.796795358132,635.4852312611644,630.7166416978339,157,1.0,0.9986680571830896,52.422299999995516,0.5495,0.157,0.7065,51.71579999999552,session_close
A,44,2025-07-29,2025-07-29 11:30:00,2025-07-29 11:30:00,2025-07-29 11:00:00,2025-07-29 11:00:00,ENTRY,SELL,-1,633.4836,637.2182254251627,634.2182036505992,0.0015123243241128412,14.0,635.2008429973439,637.2182254251627,634.2182036505992,157,1.0,0.995244285393767,0.0,0.5495,0.157,0.7065,-0.7065,breakout_or_reverse
A,44,2025-07-29,2025-07-29 16:00:00,2025-07-29 16:00:00,2025-07-29 15:30:00,2025-07-29 16:00:00,EXIT,BUY,-1,633.5036,638.1458374156888,633.2921621342788,0.002970246906416293,14.0,634.255460085864,638.1458374156888,633.2921621342788,157,1.0,0.9952757067055544,-3.139999999997144,0.5495,0.157,0.7065,-3.8464999999971443,session_close
A,45,2025-07-30,2025-07-30 10:30:00,2025-07-30 10:30:00,2025-07-30 10:00:00,2025-07-30 10:00:00,ENTRY,BUY,1,634.6105,634.4477660768407,633.0083846832644,0.0007815510360016534,14.0,634.1981732618816,634.4477660768407,633.0083846832644,157,1.0,0.9970601461661336,0.0,0.5495,0.157,0.7065,-0.7065,breakout_or_reverse
A,45,2025-07-30,2025-07-30 15:00:00,2025-07-30 15:00:00,2025-07-30 14:30:00,2025-07-30 14:30:00,EXIT,SELL,1,630.9805,635.9483237176574,631.5088893467711,0.0031485392791498834,14.0,633.4921286406716,635.9483237176574,631.5088893467711,157,1.0,0.9913569182324907,-569.9099999999993,0.5495,0.157,0.7065,-570.6164999999993,breakout_or_reverse
A,46,2025-07-30,2025-07-30 15:00:00,2025-07-30 15:00:00,2025-07-30 14:30:00,2025-07-30 14:30:00,ENTRY,SELL,-1,630.9805,635.9483237176574,631.5088893467711,0.0031485392791498834,14.0,633.4921286406716,635.9483237176574,631.5088893467711,157,1.0,0.9913569182324907,0.0,0.5495,0.157,0.7065,-0.7065,breakout_or_reverse
A,46,2025-07-30,2025-07-30 16:00:00,2025-07-30 16:00:00,2025-07-30 15:30:00,2025-07-30 16:00:00,EXIT,BUY,-1,632.7058,636.0181260116382,631.4391364686054,0.0032586458186808576,14.0,632.7746906641746,636.0181260116382,631.4391364686054,157,1.0,0.9940676011950014,-270.87209999999175,0.5495,0.157,0.7065,-271.57859999999175,session_close
A,47,2025-08-05,2025-08-05 10:30:00,2025-08-05 10:30:00,2025-08-05 10:00:00,2025-08-05 10:00:00,ENTRY,SELL,-1,628.1085,630.1441078205498,628.7754642906319,0.0010316334999322227,14.0,628.7967247025313,630.1441078205498,628.7754642906319,157,1.0,0.9952466751624202,0.0,0.5495,0.157,0.7065,-0.7065,breakout_or_reverse
A,47,2025-08-05,2025-08-05 16:00:00,2025-08-05 16:00:00,2025-08-05 15:30:00,2025-08-05 16:00:00,EXIT,BUY,-1,626.2337,631.7212626275392,627.1984846131885,0.003537063342295231,14.0,627.1143318003287,631.7212626275392,627.1143318003287,157,1.0,0.9922760284244847,294.3436000000079,0.5495,0.157,0.7065,293.6371000000079,session_close
A,48,2025-08-06,2025-08-06 11:00:00,2025-08-06 11:00:00,2025-08-06 10:30:00,2025-08-06 10:30:00,ENTRY,BUY,1,629.2354,628.2144465550283,625.2318171469814,0.0015996951505294502,14.0,627.6821271748265,628.2144465550283,625.2318171469814,158,1.0,1.000425144892462,0.0,0.553,0.158,0.7110000000000001,-0.7110000000000001,breakout_or_reverse
A,48,2025-08-06,2025-08-06 16:00:00,2025-08-06 16:00:00,2025-08-06 15:30:00,2025-08-06 16:00:00,EXIT,SELL,1,631.0305,629.5053829635287,623.94289264538,0.0036579119271467142,14.0,629.8944388453403,629.8944388453403,623.94289264538,158,1.0,1.0032791851730887,283.62579999998957,0.553,0.158,0.7110000000000001,282.91479999998955,session_close
A,49,2025-08-07,2025-08-07 13:00:00,2025-08-07 13:00:00,2025-08-07 12:30:00,2025-08-07 12:30:00,ENTRY,SELL,-1,629.4947,636.2011596828606,629.6374609719227,0.0022072458772222476,14.0,631.5668264404743,636.2011596828606,629.6374609719227,156,1.0,0.9853703926028169,0.0,0.546,0.156,0.7020000000000001,-0.7020000000000001,breakout_or_reverse
A,49,2025-08-07,2025-08-07 16:00:00,2025-08-07 16:00:00,2025-08-07 15:30:00,2025-08-07 16:00:00,EXIT,BUY,-1,630.5019,637.2409461183684,628.6038492102114,0.0038452207283685147,14.0,630.5459295639467,637.2409461183684,628.6038492102114,156,1.0,0.9869469985050264,-157.12320000000182,0.546,0.156,0.7020000000000001,-157.82520000000181,session_close
A,50,2025-08-12,2025-08-12 10:30:00,2025-08-12 10:30:00,2025-08-12 10:00:00,2025-08-12 10:00:00,ENTRY,BUY,1,637.5623,636.1927841881393,633.3787548820758,0.0012346143230097845,14.0,636.1311549941087,636.1927841881393,633.3787548820758,156,1.0,0.999588933215514,0.0,0.546,0.156,0.7020000000000001,-0.7020000000000001,breakout_or_reverse
A,50,2025-08-12,2025-08-12 16:00:00,2025-08-12 16:00:00,2025-08-12 15:30:00,2025-08-12 16:00:00,EXIT,SELL,1,640.913,637.9576526062988,631.617348938313,0.004012148733812028,14.0,638.8710639519657,638.8710639519657,631.617348938313,156,1.0,1.0048422592646313,522.7091999999939,0.546,0.156,0.7020000000000001,522.0071999999939,session_close
A,51,2025-08-19,2025-08-19 11:00:00,2025-08-19 11:00:00,2025-08-19 10:30:00,2025-08-19 10:30:00,ENTRY,SELL,-1,639.482,642.9780537717315,639.6466972309547,0.002270780053182201,14.0,640.5867079699033,642.9780537717315,639.6466972309547,156,1.0,0.9973732419272148,0.0,0.546,0.156,0.7020000000000001,-0.7020000000000001,breakout_or_reverse
A,51,2025-08-19,2025-08-19 16:00:00,2025-08-19 16:00:00,2025-08-19 15:30:00,2025-08-19 16:00:00,EXIT,BUY,-1,638.041,643.9219211458326,638.7034460353908,0.003742075509936525,14.0,638.874393337697,643.9219211458326,638.7034460353908,156,1.0,0.9951257746933958,224.7959999999871,0.546,0.156,0.7020000000000001,224.0939999999871,session_close
A,52,2025-08-20,2025-08-20 10:30:00,2025-08-20 10:30:00,2025-08-20 10:00:00,2025-08-20 10:00:00,ENTRY,SELL,-1,632.1873,638.9886768931633,632.6124883525781,0.0014852915301105662,14.0,632.9881380447168,638.9886768931633,632.6124883525781,158,1.0,0.9964115630602021,0.0,0.553,0.158,0.7110000000000001,-0.7110000000000001,breakout_or_reverse
A,52,2025-08-20,2025-08-20 16:00:00,2025-08-20 16:00:00,2025-08-20 15:30:00,2025-08-20 16:00:00,EXIT,BUY,-1,636.3457,640.5566219477499,631.0555710429678,0.003942727736540197,14.0,634.2420456714194,640.5566219477499,631.0555710429678,158,1.0,1.0029657564833054,-657.0271999999866,0.553,0.158,0.7110000000000001,-657.7381999999866,session_close
A,53,2025-08-22,2025-08-22 10:30:00,2025-08-22 10:30:00,2025-08-22 10:00:00,2025-08-22 10:00:00,ENTRY,BUY,1,642.4683,638.1815597192275,632.7600995383921,0.0016292400679399236,14.0,640.986423634949,640.986423634949,632.7600995383921,156,1.0,1.0064083408940863,0.0,0.546,0.156,0.7020000000000001,-0.7020000000000001,breakout_or_reverse
A,53,2025-08-22,2025-08-22 16:00:00,2025-08-22 16:00:00,2025-08-22 15:30:00,2025-08-22 16:00:00,EXIT,SELL,1,643.5258,639.3268022538238,631.6208799463275,0.0034267041158290872,14.0,642.8131330946056,642.8131330946056,631.6208799463275,156,1.0,1.0080648846029285,164.9700000000007,0.546,0.156,0.7020000000000001,164.2680000000007,session_close
A,54,2025-08-28,2025-08-28 14:30:00,2025-08-28 14:30:00,2025-08-28 14:00:00,2025-08-28 14:00:00,ENTRY,BUY,1,646.8566,646.6218071973291,642.4954613488113,0.0027600671130742016,14.0,645.2110495594716,646.6218071973291,642.4954613488113,154,1.0,0.9986514564966179,0.0,0.539,0.154,0.6930000000000001,-0.6930000000000001,breakout_or_reverse
A,54,2025-08-28,2025-08-28 16:00:00,2025-08-28 16:00:00,2025-08-28 15:30:00,2025-08-28 16:00:00,EXIT,SELL,1,647.1258,646.9515530020586,642.1660061494406,0.0032714261820082713,14.0,645.9002043490326,646.9515530020586,642.1660061494406,154,1.0,0.9990670617050813,41.45680000001062,0.539,0.154,0.6930000000000001,40.76380000001061,session_close
A,55,2025-08-29,2025-08-29 11:00:00,2025-08-29 11:00:00,2025-08-29 10:30:00,2025-08-29 10:30:00,ENTRY,SELL,-1,641.9551,648.668194495538,642.1784405228423,0.0023836087726665394,14.0,642.9827050463347,648.668194495538,642.1784405228423,155,1.0,0.9971193201196852,0.0,0.5425,0.155,0.6975,-0.6975,breakout_or_reverse
A,55,2025-08-29,2025-08-29 16:00:00,2025-08-29 16:00:00,2025-08-29 15:30:00,2025-08-29 16:00:00,EXIT,BUY,-1,643.2665,649.3579460660914,641.4923266584334,0.003449478310151101,14.0,642.9327725763742,649.3579460660914,641.4923266584334,155,1.0,0.9991562574014435,-203.26699999998993,0.5425,0.155,0.6975,-203.96449999998993,session_close
A,56,2025-09-02,2025-09-02 11:00:00,2025-09-02 11:00:00,2025-09-02 10:30:00,2025-09-02 10:30:00,ENTRY,SELL,-1,635.887,644.8574367243195,635.985371633554,0.002473371412403264,14.0,637.2488381609293,644.8574367243195,635.985371633554,156,1.0,0.9961091758795475,0.0,0.546,0.156,0.7020000000000001,-0.7020000000000001,breakout_or_reverse
A,56,2025-09-02,2025-09-02 16:00:00,2025-09-02 16:00:00,2025-09-02 15:30:00,2025-09-02 16:00:00,EXIT,BUY,-1,638.4998,645.3889357285909,635.4585856431604,0.003299621632018801,14.0,636.7630690235574,645.3889357285909,635.4585856431604,156,1.0,1.0002020949905503,-407.59680000001663,0.546,0.156,0.7020000000000001,-408.2988000000166,session_close
A,57,2025-09-03,2025-09-03 11:00:00,2025-09-03 11:00:00,2025-09-03 10:30:00,2025-09-03 10:30:00,ENTRY,BUY,1,642.2094,641.7891588050024,636.9944377361733,0.0023573425321279135,14.0,640.8373364202976,641.7891588050024,636.9944377361733,154,1.0,0.997211096926819,0.0,0.539,0.154,0.6930000000000001,-0.6930000000000001,breakout_or_reverse
A,57,2025-09-03,2025-09-03 16:00:00,2025-09-03 16:00:00,2025-09-03 15:30:00,2025-09-03 16:00:00,EXIT,SELL,1,641.9601,642.0635234299083,636.7208359401201,0.0027858499204696913,14.0,640.6604367891183,642.0635234299083,636.7208359401201,154,1.0,0.9968239884128922,-38.392199999992044,0.539,0.154,0.6930000000000001,-39.08519999999205,session_close
A,58,2025-09-04,2025-09-04 13:30:00,2025-09-04 13:30:00,2025-09-04 13:00:00,2025-09-04 13:00:00,ENTRY,BUY,1,645.0902,644.84285845358,640.355528393699,0.0024994880621099463,14.0,643.8285051136863,644.84285845358,640.355528393699,154,1.0,1.0020862711851142,0.0,0.539,0.154,0.6930000000000001,-0.6930000000000001,breakout_or_reverse
A,58,2025-09-04,2025-09-04 16:00:00,2025-09-04 16:00:00,2025-09-04 15:30:00,2025-09-04 16:00:00,EXIT,SELL,1,647.3253,645.0978117184436,640.1010804890261,0.002895848995870357,14.0,645.111551269042,645.111551269042,640.1010804890261,154,1.0,1.0055582864548018,344.20539999999824,0.539,0.154,0.6930000000000001,343.51239999999825,session_close
A,59,2025-09-05,2025-09-05 10:30:00,2025-09-05 10:30:00,2025-09-05 10:00:00,2025-09-05 10:00:00,ENTRY,SELL,-1,644.7175,650.246990921266,646.3410504660048,0.0015203324912967783,14.0,646.9705079693601,650.246990921266,646.3410504660048,153,1.0,0.9915751218100044,0.0,0.5355,0.153,0.6885,-0.6885,breakout_or_reverse
A,59,2025-09-05,2025-09-05 16:00:00,2025-09-05 16:00:00,2025-09-05 15:30:00,2025-09-05 16:00:00,EXIT,BUY,-1,645.4504,651.3714415928973,645.2199504937075,0.0032522285650126398,14.0,644.935087872234,651.3714415928973,644.935087872234,153,1.0,0.992702321563035,-112.13369999999577,0.5355,0.153,0.6885,-112.82219999999577,session_close
A,60,2025-09-11,2025-09-11 11:30:00,2025-09-11 11:30:00,2025-09-11 11:00:00,2025-09-11 11:00:00,ENTRY,BUY,1,655.6323,655.4924738252365,648.7252045520472,0.002585145119918499,14.0,654.406064479041,655.4924738252365,648.7252045520472,151,1.0,0.9963177140308357,0.0,0.5285,0.151,0.6795,-0.6795,breakout_or_reverse
A,60,2025-09-11,2025-09-11 16:00:00,2025-09-11 16:00:00,2025-09-11 15:30:00,2025-09-11 16:00:00,EXIT,SELL,1,655.8117,655.9549202566117,648.2651599619427,0.0032924635728747947,14.0,655.1728436979514,655.9549202566117,648.2651599619427,151,1.0,0.9965903354344747,27.089399999998022,0.5285,0.151,0.6795,26.40989999999802,session_close
A,61,2025-09-17,2025-09-17 10:30:00,2025-09-17 10:30:00,2025-09-17 10:00:00,2025-09-17 10:00:00,ENTRY,SELL,-1,657.3475,658.8126121766903,657.4529698642154,0.0009686057352979767,14.0,657.794380135942,658.8126121766903,657.4529698642154,151,1.0,0.9986655821150445,0.0,0.5285,0.151,0.6795,-0.6795,breakout_or_reverse
A,61,2025-09-17,2025-09-17 16:00:00,2025-09-17 16:00:00,2025-09-17 15:30:00,2025-09-17 16:00:00,EXIT,BUY,-1,657.3574,659.6917847170453,656.5739104638353,0.0023043787542938532,14.0,657.4149979748795,659.6917847170453,656.5739104638353,151,1.0,0.9986806225453542,-1.494900000002417,0.5285,0.151,0.6795,-2.174400000002417,session_close
A,62,2025-09-18,2025-09-18 10:30:00,2025-09-18 10:30:00,2025-09-18 10:00:00,2025-09-18 10:00:00,ENTRY,BUY,1,662.6528,660.8942539276488,656.7253364091462,0.0009615219831006058,14.0,661.192116770086,661.192116770086,656.7253364091462,150,1.0,1.000087240824031,0.0,0.525,0.15,0.675,-0.675,breakout_or_reverse
A,62,2025-09-18,2025-09-18 16:00:00,2025-09-18 16:00:00,2025-09-18 15:30:00,2025-09-18 16:00:00,EXIT,SELL,1,660.429,661.7382289365626,655.8850708748356,0.0022397696065554434,14.0,661.0424395522564,661.7382289365626,655.8850708748356,150,1.0,0.9967310428178587,-333.56999999999744,0.525,0.15,0.675,-334.2449999999974,session_close
A,63,2025-09-19,2025-09-19 15:30:00,2025-09-19 15:30:00,2025-09-19 15:00:00,2025-09-19 15:00:00,ENTRY,BUY,1,663.85,663.3911320613562,659.1659114549021,0.0019122251257030567,14.0,662.3230901225459,663.3911320613562,659.1659114549021,149,1.0,0.9985797773692868,0.0,0.5215,0.149,0.6705,-0.6705,breakout_or_reverse
A,63,2025-09-19,2025-09-19 16:00:00,2025-09-19 16:00:00,2025-09-19 15:30:00,2025-09-19 16:00:00,EXIT,SELL,1,663.7,663.4107898986574,659.1463039761035,0.0019419141380517654,14.0,662.6711735178353,663.4107898986574,659.1463039761035,149,1.0,0.9983541436167743,-22.349999999996612,0.5215,0.149,0.6705,-23.020499999996613,session_close
A,64,2025-09-22,2025-09-22 11:00:00,2025-09-22 11:00:00,2025-09-22 10:30:00,2025-09-22 10:30:00,ENTRY,BUY,1,664.96,664.9431044849435,662.1874012227721,0.001872991539767269,14.0,664.0097327709939,664.9431044849435,662.1874012227721,149,1.0,1.0004887558121385,0.0,0.5215,0.149,0.6705,-0.6705,breakout_or_reverse
A,64,2025-09-22,2025-09-22 16:00:00,2025-09-22 16:00:00,2025-09-22 15:30:00,2025-09-22 16:00:00,EXIT,SELL,1,666.84,665.0687476207405,662.0618091998977,0.002062298660148446,14.0,665.6360422168622,665.6360422168622,662.0618091998977,149,1.0,1.0033173753695959,280.1199999999993,0.5215,0.149,0.6705,279.4494999999993,session_close
A,65,2025-09-23,2025-09-23 12:00:00,2025-09-23 12:00:00,2025-09-23 11:30:00,2025-09-23 11:30:00,ENTRY,SELL,-1,665.5707,667.8536830173103,665.7664081904472,0.0015201292923494908,14.0,666.4333937220327,667.8536830173103,665.7664081904472,148,1.0,0.9918944887333406,0.0,0.518,0.148,0.666,-0.666,breakout_or_reverse
A,65,2025-09-23,2025-09-23 16:00:00,2025-09-23 16:00:00,2025-09-23 15:30:00,2025-09-23 16:00:00,EXIT,BUY,-1,663.21,668.3900072393049,665.2301322250859,0.0023244065132637737,14.0,664.3281036984902,668.3900072393049,664.3281036984902,148,1.0,0.9883763571215481,349.38359999999284,0.518,0.148,0.666,348.71759999999284,session_close
A,66,2025-09-24,2025-09-24 12:00:00,2025-09-24 12:00:00,2025-09-24 11:30:00,2025-09-24 11:30:00,ENTRY,SELL,-1,660.38,664.2845263752139,661.9407895618848,0.0016201902492632345,14.0,662.418819308376,664.2845263752139,661.9407895618848,150,1.0,0.9939746733764125,0.0,0.525,0.15,0.675,-0.675,breakout_or_reverse
A,66,2025-09-24,2025-09-24 16:00:00,2025-09-24 16:00:00,2025-09-24 15:30:00,2025-09-24 16:00:00,EXIT,BUY,-1,661.1,664.8808846211014,661.3446066599425,0.00251938996863935,14.0,661.5004494937972,664.8808846211014,661.3446066599425,150,1.0,0.9950583854283085,-108.00000000000409,0.525,0.15,0.675,-108.6750000000041,session_close
A,67,2025-09-30,2025-09-30 15:30:00,2025-09-30 15:30:00,2025-09-30 15:00:00,2025-09-30 15:00:00,ENTRY,BUY,1,665.405,665.2942821342879,661.452213742509,0.002432319995009678,14.0,663.3506120024131,665.2942821342879,661.452213742509,150,1.0,1.0026382336820214,0.0,0.525,0.15,0.675,-0.675,breakout_or_reverse
A,67,2025-09-30,2025-09-30 16:00:00,2025-09-30 16:00:00,2025-09-30 15:30:00,2025-09-30 16:00:00,EXIT,SELL,1,666.18,664.9963671174445,661.7498526959855,0.0019834364715594077,14.0,664.3110629806533,664.9963671174445,661.7498526959855,150,1.0,1.003806010646582,116.24999999999659,0.525,0.15,0.675,115.57499999999658,session_close
A,68,2025-10-01,2025-10-01 13:30:00,2025-10-01 13:30:00,2025-10-01 13:00:00,2025-10-01 13:00:00,ENTRY,BUY,1,667.9987,667.4889966351872,662.3783109723604,0.001964929351207234,14.0,665.6464478720545,667.4889966351872,662.3783109723604,150,1.0,1.0053860118473557,0.0,0.525,0.15,0.675,-0.675,breakout_or_reverse
A,68,2025-10-01,2025-10-01 16:00:00,2025-10-01 16:00:00,2025-10-01 15:30:00,2025-10-01 16:00:00,EXIT,SELL,1,668.45,667.626461464887,662.241361517122,0.0021712772297082478,14.0,666.8783427644926,667.626461464887,662.241361517122,150,1.0,1.006065250754777,67.69500000000903,0.525,0.15,0.675,67.02000000000902,session_close
A,69,2025-10-03,2025-10-03 11:00:00,2025-10-03 11:00:00,2025-10-03 10:30:00,2025-10-03 10:30:00,ENTRY,BUY,1,672.1,671.7319760825764,668.1603199278605,0.0015834554737448484,14.0,671.2489769011438,671.7319760825764,668.1603199278605,148,1.0,0.9974073453379438,0.0,0.518,0.148,0.666,-0.666,breakout_or_reverse
A,69,2025-10-03,2025-10-03 16:00:00,2025-10-03 16:00:00,2025-10-03 15:30:00,2025-10-03 16:00:00,EXIT,SELL,1,669.21,672.3120765346463,667.5814736628805,0.002448412087384579,14.0,670.5199925316253,672.3120765346463,667.5814736628805,148,1.0,0.9931185382734793,-427.719999999998,0.518,0.148,0.666,-428.385999999998,session_close
A,70,2025-10-06,2025-10-06 12:00:00,2025-10-06 12:00:00,2025-10-06 11:30:00,2025-10-06 11:30:00,ENTRY,BUY,1,671.83,671.4457371678147,667.7159149636939,0.0022326101467494064,14.0,670.5555850192213,671.4457371678147,667.7159149636939,148,1.0,1.0013144792562478,0.0,0.518,0.148,0.666,-0.666,breakout_or_reverse
A,70,2025-10-06,2025-10-06 16:00:00,2025-10-06 16:00:00,2025-10-06 15:30:00,2025-10-06 16:00:00,EXIT,SELL,1,671.61,671.6807318433514,667.481179853886,0.002583374644900771,14.0,671.2455432206837,671.6807318433514,667.481179853886,148,1.0,1.000986585018961,-32.56000000000404,0.518,0.148,0.666,-33.22600000000404,session_close
A,71,2025-10-07,2025-10-07 11:30:00,2025-10-07 11:30:00,2025-10-07 11:00:00,2025-10-07 11:00:00,ENTRY,SELL,-1,669.23,673.4147152265723,670.2912371118396,0.001963584354253843,14.0,670.587003421148,673.4147152265723,670.2912371118396,147,1.0,0.9910381597141075,0.0,0.5145,0.147,0.6615,-0.6615,breakout_or_reverse
A,71,2025-10-07,2025-10-07 16:00:00,2025-10-07 16:00:00,2025-10-07 15:30:00,2025-10-07 16:00:00,EXIT,BUY,-1,669.12,673.9356845688651,669.7706437136186,0.002738726770568245,14.0,669.4022129248517,673.9356845688651,669.4022129248517,147,1.0,0.9908752647488959,16.170000000002005,0.5145,0.147,0.6615,15.508500000002005,session_close
A,72,2025-10-08,2025-10-08 10:30:00,2025-10-08 10:30:00,2025-10-08 10:00:00,2025-10-08 10:00:00,ENTRY,BUY,1,671.91,671.4048275641221,668.1020968253983,0.0015212565378432566,14.0,671.0016053797524,671.4048275641221,668.1020968253983,148,1.0,1.001625817288625,0.0,0.518,0.148,0.666,-0.666,breakout_or_reverse
A,72,2025-10-08,2025-10-08 16:00:00,2025-10-08 16:00:00,2025-10-08 15:30:00,2025-10-08 16:00:00,EXIT,SELL,1,673.11,672.3796253945694,667.1291384144719,0.0029753431156267973,14.0,672.2771695494176,672.3796253945694,667.1291384144719,148,1.0,1.003414674398575,177.60000000000673,0.518,0.148,0.666,176.93400000000673,session_close
A,73,2025-10-09,2025-10-09 13:00:00,2025-10-09 13:00:00,2025-10-09 12:30:00,2025-10-09 12:30:00,ENTRY,SELL,-1,669.76,674.927585407757,669.9161409785139,0.0027002799063405936,14.0,671.2177695628079,674.927585407757,669.9161409785139,148,1.0,0.9966512863940403,0.0,0.518,0.148,0.666,-0.666,breakout_or_reverse
A,73,2025-10-09,2025-10-09 16:00:00,2025-10-09 16:00:00,2025-10-09 15:30:00,2025-10-09 16:00:00,EXIT,BUY,-1,671.16,675.2958171859893,669.5486641435359,0.0032473402356067516,14.0,670.8685961544033,675.2958171859893,669.5486641435359,148,1.0,0.9987345875779743,-207.19999999999663,0.518,0.148,0.666,-207.86599999999663,session_close
A,74,2025-10-10,2025-10-10 11:00:00,2025-10-10 11:00:00,2025-10-10 10:30:00,2025-10-10 10:30:00,ENTRY,SELL,-1,668.725,674.4312557828592,669.9025101664902,0.0018736066415010308,14.0,671.4011026778688,674.4312557828592,669.9025101664902,147,1.0,0.9904641077159521,0.0,0.5145,0.147,0.6615,-0.6615,breakout_or_reverse
A,74,2025-10-10,2025-10-10 16:00:00,2025-10-10 16:00:00,2025-10-10 15:30:00,2025-10-10 16:00:00,EXIT,BUY,-1,653.02,675.2824369638032,669.0538705042912,0.0031380438281612805,14.0,660.9321276441037,675.2824369638032,660.9321276441037,147,1.0,0.967203067958684,2308.635000000006,0.5145,0.147,0.6615,2307.973500000006,session_close
A,75,2025-10-16,2025-10-16 14:00:00,2025-10-16 14:00:00,2025-10-16 13:30:00,2025-10-16 13:30:00,ENTRY,SELL,-1,661.81,669.8907812670399,661.9514525655361,0.004838683997269754,14.0,664.6624221796071,669.8907812670399,661.9514525655361,152,1.0,0.9905353517219199,0.0,0.532,0.152,0.684,-0.684,breakout_or_reverse
A,75,2025-10-16,2025-10-16 16:00:00,2025-10-16 16:00:00,2025-10-16 15:30:00,2025-10-16 16:00:00,EXIT,BUY,-1,660.64,670.0316466711978,661.8109030528365,0.005049982631753476,14.0,662.8030797438888,670.0316466711978,661.8109030528365,152,1.0,0.9887842050763348,177.83999999999378,0.532,0.152,0.684,177.15599999999378,session_close
A,76,2025-10-17,2025-10-17 10:30:00,2025-10-17 10:30:00,2025-10-17 10:00:00,2025-10-17 10:00:00,ENTRY,BUY,1,662.4,661.6456339841109,659.6443810864104,0.0015070521215634822,14.0,661.223705875252,661.6456339841109,659.6443810864104,153,1.0,0.9962098079475793,0.0,0.5355,0.153,0.6885,-0.6885,breakout_or_reverse
A,76,2025-10-17,2025-10-17 16:00:00,2025-10-17 16:00:00,2025-10-17 15:30:00,2025-10-17 16:00:00,EXIT,SELL,1,664.39,664.4120322493072,656.8780246950997,0.0056944407012899855,14.0,662.2946013619265,664.4120322493072,656.8780246950997,153,1.0,0.9992026484032188,304.4700000000014,0.5355,0.153,0.6885,303.78150000000136,session_close
A,77,2025-10-20,2025-10-20 10:30:00,2025-10-20 10:30:00,2025-10-20 10:00:00,2025-10-20 10:00:00,ENTRY,BUY,1,670.3,669.8836094619032,663.2737327435943,0.001680138557783341,14.0,669.3527914746696,669.8836094619032,663.2737327435943,152,1.0,0.9985271867082978,0.0,0.532,0.152,0.684,-0.684,breakout_or_reverse
A,77,2025-10-20,2025-10-20 16:00:00,2025-10-20 16:00:00,2025-10-20 15:30:00,2025-10-20 16:00:00,EXIT,SELL,1,671.3,672.7717930409475,660.4044219473726,0.005998853162491039,14.0,670.8126814239996,672.7717930409475,660.4044219473726,152,1.0,1.0000168587755933,152.0,0.532,0.152,0.684,151.316,session_close
A,78,2025-10-22,2025-10-22 10:30:00,2025-10-22 10:30:00,2025-10-22 10:00:00,2025-10-22 10:00:00,ENTRY,SELL,-1,669.3375,672.3788785587935,670.1262430963659,0.0016220687911238493,14.0,670.3981120552387,672.3788785587935,670.1262430963659,152,1.0,0.9956235730907885,0.0,0.532,0.152,0.684,-0.684,breakout_or_reverse
A,78,2025-10-22,2025-10-22 16:00:00,2025-10-22 16:00:00,2025-10-22 15:30:00,2025-10-22 16:00:00,EXIT,BUY,-1,667.8,674.9801466519465,667.525265630374,0.005497097606022009,14.0,667.7749560149455,674.9801466519465,667.525265630374,152,1.0,0.9933365784974374,233.70000000000346,0.532,0.152,0.684,233.01600000000346,session_close
A,79,2025-10-30,2025-10-30 10:30:00,2025-10-30 10:30:00,2025-10-30 10:00:00,2025-10-30 10:00:00,ENTRY,SELL,-1,683.44,688.4899357426923,683.9538086377,0.0016001625608348233,14.0,684.4870169067514,688.4899357426923,683.9538086377,149,1.0,0.9942756256734859,0.0,0.5215,0.149,0.6705,-0.6705,breakout_or_reverse
A,79,2025-10-30,2025-10-30 16:00:00,2025-10-30 16:00:00,2025-10-30 15:30:00,2025-10-30 16:00:00,EXIT,BUY,-1,679.83,691.2676811496553,681.1855191789647,0.005641166076980215,14.0,682.9564609586391,691.2676811496553,681.1855191789647,149,1.0,0.9890237600983348,537.890000000002,0.5215,0.149,0.6705,537.2195000000021,session_close
A,80,2025-11-03,2025-11-03 10:30:00,2025-11-03 10:30:00,2025-11-03 10:00:00,2025-11-03 10:00:00,ENTRY,SELL,-1,680.3899,683.5571880137337,681.0235110229044,0.0015196448656944076,14.0,681.6318473251347,683.5571880137337,681.0235110229044,150,1.0,0.9912883844584778,0.0,0.525,0.15,0.675,-0.675,breakout_or_reverse
A,80,2025-11-03,2025-11-03 16:00:00,2025-11-03 16:00:00,2025-11-03 15:30:00,2025-11-03 16:00:00,EXIT,BUY,-1,683.34,685.3769131279471,679.2050123541469,0.004185830639317688,14.0,682.711176702726,685.3769131279471,679.2050123541469,150,1.0,0.9955865080240848,-442.51500000000306,0.525,0.15,0.675,-443.190000000003,session_close
A,81,2025-11-04,2025-11-04 12:30:00,2025-11-04 12:30:00,2025-11-04 12:00:00,2025-11-04 12:00:00,ENTRY,SELL,-1,676.94,684.954527960747,677.1961987008588,0.002362700794256251,14.0,678.3862594700269,684.954527960747,677.1961987008588,151,1.0,0.9971360508783678,0.0,0.5285,0.151,0.6795,-0.6795,breakout_or_reverse
A,81,2025-11-04,2025-11-04 16:00:00,2025-11-04 16:00:00,2025-11-04 15:30:00,2025-11-04 16:00:00,EXIT,BUY,-1,675.24,685.8554576177107,676.301254674244,0.0036811215759515576,14.0,676.8789495533429,685.8554576177107,676.301254674244,151,1.0,0.9946319422623999,256.70000000000687,0.5285,0.151,0.6795,256.02050000000685,session_close
A,82,2025-11-05,2025-11-05 11:30:00,2025-11-05 11:30:00,2025-11-05 11:00:00,2025-11-05 11:00:00,ENTRY,BUY,1,678.34,678.1196085508017,674.29309792542,0.001402319285853921,14.0,677.5504051298359,678.1196085508017,674.29309792542,151,1.0,0.9967155873878294,0.0,0.5285,0.151,0.6795,-0.6795,breakout_or_reverse
A,82,2025-11-05,2025-11-05 16:00:00,2025-11-05 16:00:00,2025-11-05 15:30:00,2025-11-05 16:00:00,EXIT,SELL,1,677.58,679.6819225781106,672.7352366442053,0.003709441614529217,14.0,678.4747057477861,679.6819225781106,672.7352366442053,151,1.0,0.9955988850756927,-114.75999999999863,0.5285,0.151,0.6795,-115.43949999999862,session_close
A,83,2025-11-06,2025-11-06 11:00:00,2025-11-06 11:00:00,2025-11-06 10:30:00,2025-11-06 10:30:00,ENTRY,SELL,-1,670.91,678.4679937568407,673.1666324392714,0.0013105371422424325,14.0,673.1810544666145,678.4679937568407,673.1666324392714,152,1.0,0.9934493435137087,0.0,0.532,0.152,0.684,-0.684,breakout_or_reverse
A,83,2025-11-06,2025-11-06 16:00:00,2025-11-06 16:00:00,2025-11-06 15:30:00,2025-11-06 16:00:00,EXIT,BUY,-1,670.31,679.6853437120216,671.9556245327664,0.003107151498009862,14.0,671.722736961392,679.6853437120216,671.722736961392,152,1.0,0.9925608940851592,91.20000000000346,0.532,0.152,0.684,90.51600000000346,session_close
A,84,2025-11-07,2025-11-07 11:00:00,2025-11-07 11:00:00,2025-11-07 10:30:00,2025-11-07 10:30:00,ENTRY,SELL,-1,663.36,671.3332365684821,665.3278160534302,0.0015265124621177287,14.0,665.4162785810944,671.3332365684821,665.3278160534302,154,1.0,0.9943241337572412,0.0,0.539,0.154,0.6930000000000001,-0.6930000000000001,breakout_or_reverse
A,84,2025-11-07,2025-11-07 16:00:00,2025-11-07 16:00:00,2025-11-07 15:30:00,2025-11-07 16:00:00,EXIT,BUY,-1,670.97,672.3873663121503,664.2799216701678,0.003099112816682459,14.0,666.3547155601124,672.3873663121503,664.2799216701678,154,1.0,1.0057309214108419,-1171.940000000002,0.539,0.154,0.6930000000000001,-1172.633000000002,session_close
A,85,2025-11-10,2025-11-10 14:30:00,2025-11-10 14:30:00,2025-11-10 14:00:00,2025-11-10 14:00:00,ENTRY,BUY,1,680.755,680.3472582259047,669.1680316099845,0.0026856169277546366,14.0,678.0874755325915,680.3472582259047,669.1680316099845,149,1.0,0.9986731865605841,0.0,0.5215,0.149,0.6705,-0.6705,breakout_or_reverse
A,85,2025-11-10,2025-11-10 16:00:00,2025-11-10 16:00:00,2025-11-10 15:30:00,2025-11-10 16:00:00,EXIT,SELL,1,681.44,680.7801434773147,668.7399662960482,0.0033235967389776172,14.0,679.1472405961042,680.7801434773147,668.7399662960482,149,1.0,0.9996780871970746,102.06500000000881,0.5215,0.149,0.6705,101.3945000000088,session_close
A,86,2025-11-11,2025-11-11 10:30:00,2025-11-11 10:30:00,2025-11-11 10:00:00,2025-11-11 10:00:00,ENTRY,SELL,-1,679.365,682.2017654640048,679.884123247465,0.001117876062462759,14.0,680.1024713321708,682.2017654640048,679.884123247465,149,1.0,0.9956466647525531,0.0,0.5215,0.149,0.6705,-0.6705,breakout_or_reverse
A,86,2025-11-11,2025-11-11 16:00:00,2025-11-11 16:00:00,2025-11-11 15:30:00,2025-11-11 16:00:00,EXIT,BUY,-1,683.0,683.8624049531512,678.225421138563,0.0035548323449624314,14.0,681.6906301673934,683.8624049531512,678.225421138563,149,1.0,1.0009739566006401,-541.6149999999986,0.5215,0.149,0.6705,-542.2854999999986,session_close
A,87,2025-11-13,2025-11-13 11:00:00,2025-11-13 11:00:00,2025-11-13 10:30:00,2025-11-13 10:30:00,ENTRY,SELL,-1,676.3,684.587947951583,677.5202891016735,0.001767607994941253,14.0,677.9376582431768,684.587947951583,677.5202891016735,148,1.0,0.9897886422054908,0.0,0.518,0.148,0.666,-0.666,breakout_or_reverse
A,87,2025-11-13,2025-11-13 16:00:00,2025-11-13 16:00:00,2025-11-13 15:30:00,2025-11-13 16:00:00,EXIT,BUY,-1,672.04,685.626687433838,676.4886328322536,0.0032876107492727197,14.0,674.4143790894248,685.626687433838,674.4143790894248,148,1.0,0.9835539835986664,630.4799999999987,0.518,0.148,0.666,629.8139999999986,session_close
A,88,2025-11-14,2025-11-14 11:30:00,2025-11-14 11:30:00,2025-11-14 11:00:00,2025-11-14 11:00:00,ENTRY,BUY,1,674.48,673.4190558973874,667.3776953285849,0.0020520443684712364,14.0,670.6180709505588,673.4190558973874,667.3776953285849,152,1.0,1.0075356929984856,0.0,0.532,0.152,0.684,-0.684,breakout_or_reverse
A,88,2025-11-14,2025-11-14 16:00:00,2025-11-14 16:00:00,2025-11-14 15:30:00,2025-11-14 16:00:00,EXIT,SELL,1,671.93,674.7062643846324,666.0967884244643,0.003967419178371044,14.0,672.1599779027831,674.7062643846324,666.0967884244643,152,1.0,1.0037265125674182,-387.60000000001037,0.532,0.152,0.684,-388.28400000001034,session_close
A,89,2025-11-17,2025-11-17 13:00:00,2025-11-17 13:00:00,2025-11-17 12:30:00,2025-11-17 12:30:00,ENTRY,SELL,-1,669.233,675.0110989106163,669.7417994545191,0.0032565900398565345,14.0,671.6057725029625,675.0110989106163,669.7417994545191,150,1.0,0.9903294842485183,0.0,0.525,0.15,0.675,-0.675,breakout_or_reverse
A,89,2025-11-17,2025-11-17 16:00:00,2025-11-17 16:00:00,2025-11-17 15:30:00,2025-11-17 16:00:00,EXIT,BUY,-1,665.67,675.5705030491916,669.1831352905036,0.004088022129531862,14.0,667.9650822858509,675.5705030491916,667.9650822858509,150,1.0,0.9850569648832488,534.4499999999982,0.525,0.15,0.675,533.7749999999983,session_close
A,90,2025-11-20,2025-11-20 12:00:00,2025-11-20 12:00:00,2025-11-20 11:30:00,2025-11-20 11:30:00,ENTRY,SELL,-1,659.75,677.5855399684509,660.2001240460337,0.0036670177232638324,14.0,668.3500742796834,677.5855399684509,660.2001240460337,150,1.0,0.9711888845003518,0.0,0.525,0.15,0.675,-0.675,breakout_or_reverse
A,90,2025-11-20,2025-11-20 16:00:00,2025-11-20 16:00:00,2025-11-20 15:30:00,2025-11-20 16:00:00,EXIT,BUY,-1,652.53,678.1084112812653,659.6869183916502,0.004441515790636856,14.0,660.9484438744227,678.1084112812653,659.6869183916502,150,1.0,0.9605606408533757,1083.000000000004,0.525,0.15,0.675,1082.325000000004,session_close
A,91,2025-11-21,2025-11-21 12:00:00,2025-11-21 12:00:00,2025-11-21 11:30:00,2025-11-21 11:30:00,ENTRY,BUY,1,660.82,658.1934947511696,649.1783190599382,0.005136439612066612,14.0,655.2402900023997,658.1934947511696,649.1783190599382,157,1.0,1.0074653966294551,0.0,0.5495,0.157,0.7065,-0.7065,breakout_or_reverse
A,91,2025-11-21,2025-11-21 16:00:00,2025-11-21 16:00:00,2025-11-21 15:30:00,2025-11-21 16:00:00,EXIT,SELL,1,659.03,659.200881855824,648.1744702634563,0.006674834469746356,14.0,658.1304077010282,659.200881855824,648.1744702634563,157,1.0,1.0047364189048602,-281.03000000001214,0.5495,0.157,0.7065,-281.73650000001214,session_close
A,92,2025-11-24,2025-11-24 10:30:00,2025-11-24 10:30:00,2025-11-24 10:00:00,2025-11-24 10:00:00,ENTRY,BUY,1,665.435,664.8374450055265,658.4173795098127,0.000929579063452725,14.0,664.7193362326652,664.8374450055265,658.4173795098127,154,1.0,0.997852715238352,0.0,0.539,0.154,0.6930000000000001,-0.6930000000000001,breakout_or_reverse
A,92,2025-11-24,2025-11-24 16:00:00,2025-11-24 16:00:00,2025-11-24 15:30:00,2025-11-24 16:00:00,EXIT,SELL,1,668.73,668.9008594434367,654.3857152765528,0.007047152213779574,14.0,667.4950741624792,668.9008594434367,654.3857152765528,154,1.0,1.0027937308096857,507.4300000000112,0.539,0.154,0.6930000000000001,506.7370000000112,session_close
A,93,2025-11-25,2025-11-25 12:30:00,2025-11-25 12:30:00,2025-11-25 12:00:00,2025-11-25 12:00:00,ENTRY,BUY,1,673.33,672.6082450092601,664.932209319474,0.00567910917788343,14.0,669.9033667486133,672.6082450092601,664.932209319474,154,1.0,1.0047407785608562,0.0,0.539,0.154,0.6930000000000001,-0.6930000000000001,breakout_or_reverse
A,93,2025-11-25,2025-11-25 16:00:00,2025-11-25 16:00:00,2025-11-25 15:30:00,2025-11-25 16:00:00,EXIT,SELL,1,675.02,673.5970314988675,663.9435411039941,0.007157535770798267,14.0,671.978598049648,673.5970314988675,663.9435411039941,154,1.0,1.0072625909199784,260.2599999999909,0.539,0.154,0.6930000000000001,259.5669999999909,session_close
A,94,2025-11-26,2025-11-26 10:30:00,2025-11-26 10:30:00,2025-11-26 10:00:00,2025-11-26 10:00:00,ENTRY,BUY,1,678.2,677.8747875869906,674.3274285759024,0.0010260013393641465,14.0,677.5540366105101,677.8747875869906,674.3274285759024,152,1.0,0.9963655521684407,0.0,0.532,0.152,0.684,-0.684,breakout_or_reverse
A,94,2025-11-26,2025-11-26 16:00:00,2025-11-26 16:00:00,2025-11-26 15:30:00,2025-11-26 16:00:00,EXIT,SELL,1,679.68,682.4467765472855,669.7700228817321,0.00777751343407299,14.0,679.9259319285321,682.4467765472855,669.7700228817321,152,1.0,0.9985398680298521,224.95999999998548,0.532,0.152,0.684,224.2759999999855,session_close
A,95,2025-12-01,2025-12-01 10:30:00,2025-12-01 10:30:00,2025-12-01 10:00:00,2025-12-01 10:00:00,ENTRY,SELL,-1,679.675,684.12087625225,680.821091602568,0.0010694863141838223,14.0,680.8338995005034,684.12087625225,680.821091602568,152,1.0,0.9963792534702034,0.0,0.532,0.152,0.684,-0.684,breakout_or_reverse
A,95,2025-12-01,2025-12-01 16:00:00,2025-12-01 16:00:00,2025-12-01 15:30:00,2025-12-01 16:00:00,EXIT,BUY,-1,680.27,688.6514495701426,676.3027166705239,0.007699043840475561,13.0,680.9197074480595,688.6514495701426,676.3027166705239,152,1.0,0.9972515022005742,-90.44000000000415,0.532,0.152,0.684,-91.12400000000414,session_close
