model,trade_id,date,entry_timestamp,exit_timestamp,direction,entry_price,exit_price,shares,sizing_leverage,entry_equity,gross_pnl,costs,net_pnl,return_on_entry_notional,return_on_start_equity,pnl_per_share,exit_reason
B,1,2025-04-02,2025-04-02 11:30:00,2025-04-02 12:00:00,1,560.0867,559.1322,180,1.0,100000.0,-171.80999999998903,1.6199999999999999,-173.42999999998904,-0.0017202693797227094,-0.0017342999999998903,-0.9634999999999391,stop_or_reverse
B,2,2025-04-02,2025-04-02 12:30:00,2025-04-02 14:30:00,1,561.1009,557.7998,180,1.0,100000.0,-594.1980000000035,1.6199999999999999,-595.8180000000034,-0.005899295474307773,-0.005958180000000034,-3.310100000000019,stop_or_reverse
B,3,2025-04-03,2025-04-03 10:30:00,2025-04-03 12:00:00,-1,539.8726,540.499,183,1.0,99230.75200000001,-114.6311999999981,1.647,-116.27819999999811,-0.0011769443383494358,-0.0011717960174281266,-0.6353999999999896,stop_or_reverse
B,4,2025-04-03,2025-04-03 14:30:00,2025-04-03 15:00:00,-1,537.6603,538.7093,183,1.0,99230.75200000001,-191.966999999996,1.647,-193.613999999996,-0.001967785235398593,-0.0019511491760134598,-1.057999999999978,stop_or_reverse
B,5,2025-04-03,2025-04-03 15:30:00,2025-04-03 16:00:00,-1,536.1142,533.6384,183,1.0,99230.75200000001,453.0713999999882,1.647,451.4243999999882,0.004601258463215367,0.004549238929480129,2.4667999999999357,session_close
B,6,2025-04-04,2025-04-04 10:30:00,2025-04-04 16:00:00,-1,513.2007,502.3976,191,1.0,99372.2842,2063.3920999999946,1.719,2061.6730999999945,0.02103290194265123,0.020746962964548567,10.794099999999972,session_close
B,7,2025-04-07,2025-04-07 14:00:00,2025-04-07 14:30:00,1,506.3052,502.2883,205,1.0,101433.95729999998,-823.4645000000044,1.8450000000000002,-825.3095000000044,-0.007951528050669876,-0.008136422180188415,-4.025900000000021,stop_or_reverse
B,8,2025-04-08,2025-04-08 15:30:00,2025-04-08 16:00:00,-1,494.4271,493.6479,193,1.0,100608.64779999998,150.38560000000058,1.737,148.64860000000056,0.0015577625093770202,0.0014774932697187149,0.7702000000000029,session_close
B,9,2025-04-09,2025-04-09 11:00:00,2025-04-09 11:30:00,-1,490.317,495.3581,202,1.0,100757.29639999998,-1018.3021999999943,1.818,-1020.1201999999943,-0.010299663279062263,-0.010124529304063329,-5.050099999999972,stop_or_reverse
B,10,2025-04-09,2025-04-09 13:30:00,2025-04-09 16:00:00,1,521.7765,545.4904,202,1.0,100757.29639999998,4790.207799999993,1.818,4788.389799999993,0.045431137661431586,0.0475240004554151,23.704899999999963,session_close
B,11,2025-04-10,2025-04-10 11:30:00,2025-04-10 14:00:00,-1,520.812,521.1998,198,1.0,104525.56599999998,-76.7843999999941,1.782,-78.56639999999409,-0.0007618872068999373,-0.0007516476878010314,-0.3967999999999702,stop_or_reverse
B,12,2025-04-11,2025-04-11 10:30:00,2025-04-11 11:00:00,-1,517.5607,519.937,200,1.0,104446.99959999998,-475.26000000000295,1.8,-477.0600000000029,-0.004608734782219776,-0.004567484004586025,-2.3853000000000146,stop_or_reverse
B,13,2025-04-11,2025-04-11 13:00:00,2025-04-11 13:30:00,1,528.7863,526.8027,200,1.0,104446.99959999998,-396.7200000000048,1.8,-398.52000000000476,-0.003768251938448526,-0.0038155236773312236,-1.9926000000000237,stop_or_reverse
B,14,2025-04-11,2025-04-11 14:00:00,2025-04-11 15:00:00,1,531.6697,529.1342,200,1.0,104446.99959999998,-507.100000000014,1.8,-508.90000000001396,-0.004785866111986577,-0.004872327610644107,-2.54450000000007,stop_or_reverse
B,15,2025-04-11,2025-04-11 15:30:00,2025-04-11 16:00:00,1,531.441,530.8942,200,1.0,104446.99959999998,-109.36000000001513,1.8,-111.16000000001515,-0.0010458357559918706,-0.0010642718357226526,-0.5558000000000757,session_close
B,16,2025-04-21,2025-04-21 11:30:00,2025-04-21 13:30:00,-1,510.1432,507.0013,200,1.0,102951.35959999997,628.3799999999928,1.8,626.5799999999928,0.006141216819120521,0.006086175087288434,3.132899999999964,stop_or_reverse
B,17,2025-04-21,2025-04-21 14:00:00,2025-04-21 14:30:00,-1,506.0935,507.031,200,1.0,102951.35959999997,-187.5,1.8,-189.29999999999998,-0.0018702077778118074,-0.0018387323949435248,-0.9464999999999999,stop_or_reverse
B,18,2025-04-21,2025-04-21 15:00:00,2025-04-21 15:30:00,-1,505.8677,507.5083,200,1.0,102951.35959999997,-328.12000000000126,1.8,-329.9200000000012,-0.0032609316625671217,-0.0032046201359734283,-1.649600000000006,stop_or_reverse
B,19,2025-04-22,2025-04-22 12:00:00,2025-04-22 13:30:00,1,523.2083,519.6039,198,1.0,103058.71959999998,-713.6712000000109,1.782,-715.4532000000108,-0.006906236005812703,-0.0069421898775463824,-3.6134000000000546,stop_or_reverse
B,20,2025-04-24,2025-04-24 10:30:00,2025-04-24 11:00:00,1,539.0388,539.3954,190,1.0,102343.26639999996,67.75399999999195,1.71,66.04399999999194,0.0006448515394438352,0.0006453184691395775,0.34759999999995755,stop_or_reverse
B,21,2025-04-24,2025-04-24 13:00:00,2025-04-24 13:30:00,1,542.3385,541.8632,190,1.0,102343.26639999996,-90.30699999999001,1.71,-92.01699999999002,-0.0008929847318601713,-0.0008991016530618574,-0.4842999999999475,stop_or_reverse
B,22,2025-05-01,2025-05-01 11:00:00,2025-05-01 11:30:00,1,560.1761,560.1562,183,1.0,102317.29339999997,-3.641700000001265,1.647,-5.288700000001265,-5.159091935555071e-05,-5.168920936293323e-05,-0.028900000000006913,stop_or_reverse
B,23,2025-05-02,2025-05-02 10:30:00,2025-05-02 11:00:00,1,563.0621,562.5327,182,1.0,102312.00469999996,-96.35080000000175,1.638,-97.98880000000176,-0.0009562000354845579,-0.0009577448930584956,-0.5384000000000096,stop_or_reverse
B,24,2025-05-08,2025-05-08 12:00:00,2025-05-08 14:30:00,1,565.1277,564.7897,182,1.0,102214.01589999995,-61.51599999999371,1.638,-63.153999999993715,-0.0006140205125318853,-0.0006178604709336515,-0.34699999999996545,stop_or_reverse
B,25,2025-05-08,2025-05-08 15:00:00,2025-05-08 16:00:00,1,565.0681,561.8366,182,1.0,102214.01589999995,-588.1329999999969,1.638,-589.7709999999968,-0.005734707020268853,-0.005769962121212352,-3.240499999999982,session_close
B,26,2025-05-16,2025-05-16 15:30:00,2025-05-16 16:00:00,1,590.4027,590.8104,172,1.0,101561.09089999997,70.12439999999606,1.5479999999999998,68.57639999999606,0.0006753017897783615,0.0006752231528068007,0.3986999999999771,session_close
B,27,2025-05-21,2025-05-21 13:30:00,2025-05-21 16:00:00,-1,581.1359,579.5351,173,1.0,101629.66729999996,276.93839999998886,1.5570000000000002,275.38139999998884,0.002739118337036028,0.0027096556282831495,1.5917999999999355,session_close
B,28,2025-05-27,2025-05-27 10:30:00,2025-05-27 16:00:00,1,584.5256,587.7778,174,1.0,101905.04869999994,565.882799999983,1.5659999999999998,564.316799999983,0.005548431069571465,0.005537672639373199,3.243199999999902,session_close
B,29,2025-05-28,2025-05-28 11:00:00,2025-05-28 11:30:00,-1,585.9831,585.988,174,1.0,102469.36549999993,-0.8526000000035765,1.5659999999999998,-2.4186000000035763,-2.3720820617558e-05,-2.360315190986108e-05,-0.013900000000020554,stop_or_reverse
B,30,2025-05-28,2025-05-28 12:00:00,2025-05-28 12:30:00,-1,585.7296,586.4653,174,1.0,102469.36549999993,-128.01179999999158,1.5659999999999998,-129.57779999999158,-0.0012714057817804524,-0.0012645515990824757,-0.7446999999999516,stop_or_reverse
B,31,2025-05-30,2025-05-30 12:30:00,2025-05-30 13:30:00,-1,581.7524,582.5479,175,1.0,102337.36909999994,-139.21250000001066,1.5750000000000002,-140.78750000001068,-0.0013828907280830488,-0.0013757193607590091,-0.804500000000061,stop_or_reverse
B,32,2025-06-02,2025-06-02 15:30:00,2025-06-02 16:00:00,1,588.9312,589.3289,175,1.0,102196.58159999992,69.59749999999758,1.5750000000000002,68.02249999999759,0.0006600091827364321,0.000665604455012394,0.3886999999999862,session_close
B,33,2025-06-03,2025-06-03 10:30:00,2025-06-03 16:00:00,1,590.4475,592.6896,173,1.0,102264.60409999991,387.8833000000087,1.5570000000000002,386.3263000000087,0.0037820466679934295,0.0037777127619077052,2.2331000000000505,session_close
B,34,2025-06-05,2025-06-05 11:00:00,2025-06-05 13:00:00,1,593.9524,591.2877,173,1.0,102650.93039999992,-460.99310000000673,1.5570000000000002,-462.55010000000675,-0.004501539180580866,-0.004506048782973399,-2.673700000000039,stop_or_reverse
B,35,2025-06-11,2025-06-11 14:30:00,2025-06-11 15:00:00,-1,597.1541,597.3131,170,1.0,102188.38029999992,-27.02999999999861,1.5299999999999998,-28.55999999999861,-0.00028133441602425877,-0.0002794838309028236,-0.16799999999999182,stop_or_reverse
B,36,2025-06-13,2025-06-13 10:30:00,2025-06-13 11:00:00,-1,593.4453,595.7869,171,1.0,102159.82029999992,-400.4135999999951,1.5390000000000001,-401.9525999999951,-0.003960937933116955,-0.003934546858242617,-2.350599999999971,stop_or_reverse
B,37,2025-06-17,2025-06-17 13:30:00,2025-06-17 16:00:00,-1,595.3941,594.1215,170,1.0,101757.86769999993,216.34200000000192,1.5299999999999998,214.81200000000194,0.002122291772793871,0.002111011215695925,1.2636000000000114,session_close
B,38,2025-06-18,2025-06-18 10:30:00,2025-06-18 11:30:00,1,597.3151,596.7166,171,1.0,101972.67969999994,-102.34350000000995,1.5390000000000001,-103.88250000000995,-0.0010170511343176461,-0.0010187287448523335,-0.6075000000000582,stop_or_reverse
B,39,2025-06-20,2025-06-20 11:00:00,2025-06-20 11:30:00,-1,592.597,593.4695,171,1.0,101868.79719999993,-149.1975000000101,1.5390000000000001,-150.7365000000101,-0.001487520186568712,-0.00147971218020831,-0.881500000000059,stop_or_reverse
B,40,2025-06-20,2025-06-20 13:30:00,2025-06-20 14:00:00,-1,591.7194,592.3477,171,1.0,101868.79719999993,-107.43930000001387,1.5390000000000001,-108.97830000001387,-0.0010770307683001118,-0.001069790779860253,-0.6373000000000811,stop_or_reverse
B,41,2025-06-20,2025-06-20 15:00:00,2025-06-20 15:30:00,-1,591.8491,591.8192,171,1.0,101868.79719999993,5.112899999999627,1.5390000000000001,3.573899999999627,3.531305530412705e-05,3.508336309285126e-05,0.02089999999999782,stop_or_reverse
B,42,2025-06-23,2025-06-23 15:30:00,2025-06-23 16:00:00,1,597.5632,598.4907,170,1.0,101612.65629999993,157.67499999998222,1.5299999999999998,156.14499999998225,0.0015370759109662301,0.001536668813567689,0.9184999999998956,session_close
B,43,2025-06-24,2025-06-24 11:30:00,2025-06-24 16:00:00,1,604.1051,605.1024,168,1.0,101768.80129999992,167.54639999999927,1.5119999999999998,166.03439999999927,0.0016359736079036506,0.001631486250000661,0.9882999999999956,session_close
B,44,2025-06-26,2025-06-26 12:30:00,2025-06-26 16:00:00,1,609.201,610.1782,167,1.0,101934.83569999992,163.19239999998752,1.5030000000000001,161.68939999998753,0.0015892948304417182,0.0015862035671087822,0.9681999999999253,session_close
B,45,2025-06-27,2025-06-27 12:00:00,2025-06-27 13:00:00,1,614.1971,614.242,166,1.0,102096.52509999991,7.453399999997373,1.4939999999999998,5.959399999997373,5.8450292259576245e-05,5.8370252995000104e-05,0.035899999999984174,stop_or_reverse
B,46,2025-07-02,2025-07-02 10:30:00,2025-07-02 15:00:00,1,616.9395,618.134,165,1.0,102102.4844999999,197.0925000000102,1.485,195.60750000001022,0.0019215822621181853,0.0019157956925133434,1.185500000000062,stop_or_reverse
B,47,2025-07-03,2025-07-03 11:00:00,2025-07-03 13:00:00,1,623.5711,623.611,164,1.0,102298.09199999992,6.5435999999981505,1.4760000000000002,5.0675999999981505,4.9553290715347017e-05,4.953758081820485e-05,0.03089999999998872,session_close
B,48,2025-07-07,2025-07-07 11:00:00,2025-07-07 16:00:00,-1,620.3799,618.9639,164,1.0,102303.15959999991,232.2240000000088,1.4760000000000002,230.7480000000088,0.00226796516134719,0.0022555315095078355,1.4070000000000538,session_close
B,49,2025-07-10,2025-07-10 11:30:00,2025-07-10 12:30:00,1,623.7806,623.8404,164,1.0,102533.90759999992,9.807199999999284,1.4760000000000002,8.331199999999285,8.143889053297848e-05,8.125312099194093e-05,0.05079999999999564,stop_or_reverse
B,50,2025-07-10,2025-07-10 13:30:00,2025-07-10 15:30:00,1,624.3589,624.4885,164,1.0,102533.90759999992,21.25440000001572,1.4760000000000002,19.77840000001572,0.00019315813388756986,0.00019289618881174615,0.12060000000009584,stop_or_reverse
B,51,2025-07-15,2025-07-15 13:00:00,2025-07-15 13:30:00,-1,621.447,622.1251,164,1.0,102562.01719999994,-111.20839999999544,1.4760000000000002,-112.68439999999543,-0.001105645372815336,-0.0010986952390011641,-0.6870999999999722,stop_or_reverse
B,52,2025-07-16,2025-07-16 15:00:00,2025-07-16 16:00:00,1,622.6038,622.4941,165,1.0,102449.33279999995,-18.100499999995918,1.485,-19.585499999995918,-0.00019065094045358423,-0.00019117254807535388,-0.11869999999997526,session_close
B,53,2025-07-17,2025-07-17 12:00:00,2025-07-17 12:30:00,1,625.4808,625.1069,164,1.0,102429.74729999996,-61.319600000007995,1.4760000000000002,-62.795600000007994,-0.0006121690705774641,-0.0006130601866671599,-0.38290000000004876,stop_or_reverse
B,54,2025-07-17,2025-07-17 14:30:00,2025-07-17 16:00:00,1,626.1041,626.3035,164,1.0,102429.74729999996,32.70159999999487,1.4760000000000002,31.225599999994866,0.00030410278418551914,0.0003048489410848608,0.1903999999999687,session_close
B,55,2025-07-18,2025-07-18 10:30:00,2025-07-18 11:00:00,-1,625.6453,625.4359,163,1.0,102398.17729999994,34.13220000001195,1.467,32.66520000001195,0.00032030928706740594,0.000319001771919352,0.20040000000007333,stop_or_reverse
B,56,2025-07-23,2025-07-23 10:30:00,2025-07-23 11:00:00,1,628.9961,628.9861,163,1.0,102430.84249999994,-1.6299999999985175,1.467,-3.0969999999985176,-3.0206864557651326e-05,-3.023503394496164e-05,-0.018999999999990906,stop_or_reverse
B,57,2025-07-23,2025-07-23 12:00:00,2025-07-23 16:00:00,1,630.2227,632.4565,163,1.0,102430.84249999994,364.10939999999573,1.467,362.64239999999575,0.0035301806805752532,0.003540363343199056,2.224799999999974,session_close
B,58,2025-07-25,2025-07-25 12:30:00,2025-07-25 13:00:00,1,635.0045,635.0842,162,1.0,102790.38789999994,12.911400000000413,1.4580000000000002,11.453400000000412,0.00011133779366918272,0.00011142481543257625,0.07070000000000254,stop_or_reverse
B,59,2025-07-25,2025-07-25 13:30:00,2025-07-25 15:00:00,1,635.2836,635.4183,162,1.0,102790.38789999994,21.821400000010726,1.4580000000000002,20.363400000010728,0.0001978643868660646,0.00019810607213411187,0.12570000000006623,stop_or_reverse
B,60,2025-07-25,2025-07-25 15:30:00,2025-07-25 16:00:00,1,635.5679,635.3384,162,1.0,102790.38789999994,-37.17900000000486,1.4580000000000002,-38.63700000000486,-0.0003752549491565417,-0.0003758814495144529,-0.23850000000003,session_close
B,61,2025-07-29,2025-07-29 11:30:00,2025-07-29 13:00:00,-1,633.4836,634.3959,161,1.0,102783.56769999993,-146.88029999999344,1.449,-148.32929999999345,-0.0014543391494270083,-0.0014431227025795638,-0.9212999999999594,stop_or_reverse
B,62,2025-07-30,2025-07-30 10:30:00,2025-07-30 11:00:00,1,634.6105,634.5009,161,1.0,102635.23839999994,-17.64560000000006,1.449,-19.09460000000006,-0.00018688628694293644,-0.00018604331511934278,-0.11860000000000037,stop_or_reverse
B,63,2025-07-30,2025-07-30 15:00:00,2025-07-30 16:00:00,-1,630.9805,632.7058,161,1.0,102635.23839999994,-277.77329999999154,1.449,-279.2222999999915,-0.0027485793934993986,-0.0027205305346666552,-1.734299999999947,session_close
B,64,2025-08-05,2025-08-05 10:30:00,2025-08-05 13:30:00,-1,628.1085,627.9669,162,1.0,102336.92149999995,22.939200000006394,1.4580000000000002,21.481200000006396,0.00021111002318873167,0.00020990664644926225,0.1326000000000395,stop_or_reverse
B,65,2025-08-05,2025-08-05 14:30:00,2025-08-05 15:30:00,-1,626.8021,627.2409,162,1.0,102336.92149999995,-71.08560000000239,1.4580000000000002,-72.54360000000239,-0.0007144200697477159,-0.000708870258521529,-0.44780000000001474,stop_or_reverse
B,66,2025-08-06,2025-08-06 11:00:00,2025-08-06 16:00:00,1,629.2354,631.0305,163,1.0,102285.85909999994,292.60129999998924,1.467,291.13429999998925,0.0028385243424002113,0.0028462810261520245,1.786099999999934,session_close
B,67,2025-08-07,2025-08-07 13:00:00,2025-08-07 15:30:00,-1,629.4947,628.6271,161,1.0,102576.99339999993,139.6835999999879,1.449,138.2345999999879,0.0013639511182539342,0.0013476179737588992,0.8585999999999248,stop_or_reverse
B,68,2025-08-12,2025-08-12 10:30:00,2025-08-12 16:00:00,1,637.5623,640.913,161,1.0,102715.22799999993,539.4626999999937,1.449,538.0136999999937,0.005241370137475131,0.0052379156477167545,3.341699999999961,session_close
B,69,2025-08-19,2025-08-19 11:00:00,2025-08-19 11:30:00,-1,639.482,639.7961,161,1.0,103253.24169999993,-50.57010000000855,1.449,-52.01910000000855,-0.0005052526888951575,-0.0005038011315048967,-0.3231000000000531,stop_or_reverse
B,70,2025-08-19,2025-08-19 12:00:00,2025-08-19 16:00:00,-1,638.9584,638.041,161,1.0,103253.24169999993,147.70139999998867,1.449,146.25239999998865,0.0014216887985194803,0.0014164436640635638,0.9083999999999295,session_close
B,71,2025-08-20,2025-08-20 10:30:00,2025-08-20 11:30:00,-1,632.1873,634.5806,163,1.0,103347.47499999992,-390.10789999999247,1.467,-391.57489999999245,-0.0037999814295541106,-0.0037889159846429994,-2.4022999999999537,stop_or_reverse
B,72,2025-08-22,2025-08-22 10:30:00,2025-08-22 16:00:00,1,642.4683,643.5258,161,1.0,102955.90009999993,170.25750000000073,1.449,168.80850000000072,0.0016319871346181663,0.0016396194859744696,1.0485000000000044,session_close
B,73,2025-08-28,2025-08-28 14:30:00,2025-08-28 16:00:00,1,646.8566,647.1258,160,1.0,103124.70859999993,43.07200000001103,1.4400000000000002,41.63200000001103,0.0004022529877565893,0.0004037053831734276,0.26020000000006893,session_close
B,74,2025-08-29,2025-08-29 11:00:00,2025-08-29 11:30:00,-1,641.9551,642.6573,160,1.0,103166.34059999994,-112.35199999999168,1.4400000000000002,-113.79199999999167,-0.001107865643562841,-0.0011029954085624682,-0.711199999999948,stop_or_reverse
B,75,2025-08-29,2025-08-29 12:00:00,2025-08-29 12:30:00,-1,641.9801,642.4288,160,1.0,103166.34059999994,-71.79200000000492,1.4400000000000002,-73.23200000000492,-0.0007129504481525685,-0.0007098439236489208,-0.45770000000003075,stop_or_reverse
B,76,2025-09-02,2025-09-02 11:00:00,2025-09-02 13:30:00,-1,635.887,635.8674,161,1.0,102979.31659999995,3.1555999999949336,1.449,1.7065999999949337,1.6669628408771582e-05,1.6572259909471322e-05,0.010599999999968532,stop_or_reverse
B,77,2025-09-03,2025-09-03 11:00:00,2025-09-03 11:30:00,1,642.2094,640.6737,160,1.0,102981.02319999995,-245.71199999998498,1.4400000000000002,-247.15199999998498,-0.0024052902371094324,-0.0023999761540530614,-1.544699999999906,stop_or_reverse
B,78,2025-09-04,2025-09-04 13:30:00,2025-09-04 16:00:00,1,645.0902,647.3253,159,1.0,102733.87119999997,355.3808999999982,1.431,353.94989999999814,0.003450835247535908,0.003445308697760805,2.226099999999988,session_close
B,79,2025-09-05,2025-09-05 10:30:00,2025-09-05 15:30:00,-1,644.7175,645.3787,158,1.0,103087.82109999996,-104.46960000000126,1.4220000000000002,-105.89160000000126,-0.001039525063302932,-0.00102719796451301,-0.670200000000008,stop_or_reverse
B,80,2025-09-11,2025-09-11 11:30:00,2025-09-11 12:00:00,1,655.6323,655.3929,157,1.0,102981.92949999995,-37.585799999989376,1.413,-38.99879999998937,-0.0003788709006556454,-0.0003786955652252504,-0.2483999999999323,stop_or_reverse
B,81,2025-09-11,2025-09-11 12:30:00,2025-09-11 13:30:00,1,655.5624,655.2982,157,1.0,102981.92949999995,-41.47940000001154,1.413,-42.892400000011534,-0.00041674141164910227,-0.0004165041401755009,-0.27320000000007344,stop_or_reverse
B,82,2025-09-11,2025-09-11 14:00:00,2025-09-11 14:30:00,1,655.7619,655.5126,157,1.0,102981.92949999995,-39.14009999999189,1.413,-40.553099999991886,-0.00039389296633419584,-0.00039378850441903893,-0.2582999999999483,stop_or_reverse
B,83,2025-09-11,2025-09-11 15:30:00,2025-09-11 16:00:00,1,655.9214,655.8117,157,1.0,102981.92949999995,-17.222899999996116,1.413,-18.635899999996113,-0.00018096680486408165,-0.00018096281639388124,-0.11869999999997524,session_close
B,84,2025-09-17,2025-09-17 10:30:00,2025-09-17 11:00:00,-1,657.3475,657.5369,156,1.0,102840.84929999997,-29.546399999996538,1.4040000000000001,-30.950399999996538,-0.0003018190530883252,-0.00030095434071834864,-0.19839999999997782,stop_or_reverse
B,85,2025-09-17,2025-09-17 13:00:00,2025-09-17 13:30:00,-1,656.4899,656.8508,156,1.0,102840.84929999997,-56.300400000002355,1.4040000000000001,-57.70440000000235,-0.0005634511665754721,-0.000561103884232531,-0.36990000000001505,stop_or_reverse
B,86,2025-09-17,2025-09-17 15:00:00,2025-09-17 15:30:00,-1,655.8915,658.245,156,1.0,102840.84929999997,-367.14600000000837,1.4040000000000001,-368.55000000000837,-0.0036019677034998224,-0.0035836926912661007,-2.3625000000000536,stop_or_reverse
B,87,2025-09-18,2025-09-18 10:30:00,2025-09-18 11:00:00,1,662.6528,660.9276,155,1.0,102383.64449999995,-267.40599999999574,1.395,-268.8009999999957,-0.0026170567754334887,-0.0026254291035712825,-1.7341999999999724,stop_or_reverse
B,88,2025-09-18,2025-09-18 11:30:00,2025-09-18 12:00:00,1,661.5558,660.7281,155,1.0,102383.64449999995,-128.2934999999901,1.395,-129.68849999999009,-0.0012647459216591195,-0.0012666915759185556,-0.836699999999936,stop_or_reverse
B,89,2025-09-18,2025-09-18 12:30:00,2025-09-18 13:30:00,1,661.6455,661.486,155,1.0,102383.64449999995,-24.7224999999969,1.395,-26.1174999999969,-0.0002546680964352966,-0.0002550944550523098,-0.16849999999998,stop_or_reverse
B,90,2025-09-19,2025-09-19 15:30:00,2025-09-19 16:00:00,1,663.85,663.7,153,1.0,101959.03749999998,-22.94999999999652,1.377,-24.32699999999652,-0.0002395119379377529,-0.00023859581844323045,-0.15899999999997724,session_close
B,91,2025-09-22,2025-09-22 11:00:00,2025-09-22 11:30:00,1,664.96,664.93,153,1.0,101934.71049999997,-4.5900000000132195,1.377,-5.967000000013219,-5.8650144369716075e-05,-5.8537469432585684e-05,-0.0390000000000864,stop_or_reverse
B,92,2025-09-22,2025-09-22 12:30:00,2025-09-22 16:00:00,1,665.855,666.84,153,1.0,101934.71049999997,150.7050000000021,1.377,149.32800000000208,0.0014657845927416834,0.0014649376965660988,0.9760000000000136,session_close
B,93,2025-09-23,2025-09-23 12:00:00,2025-09-23 16:00:00,-1,665.5707,663.21,153,1.0,102078.07149999995,361.1870999999926,1.377,359.8100999999926,0.0035333586649772164,0.0035248520540476,2.3516999999999517,session_close
B,94,2025-09-24,2025-09-24 12:00:00,2025-09-24 15:00:00,-1,660.38,661.1125,154,1.0,102437.88159999994,-112.8049999999937,1.3860000000000001,-114.19099999999369,-0.001122838365789332,-0.001114734102427922,-0.7414999999999591,stop_or_reverse
B,95,2025-09-24,2025-09-24 15:30:00,2025-09-24 16:00:00,-1,660.8025,661.1,154,1.0,102437.88159999994,-45.8150000000021,1.3860000000000001,-47.201000000002104,-0.00046382996432370283,-0.0004607768070049794,-0.30650000000001365,session_close
B,96,2025-09-30,2025-09-30 15:30:00,2025-09-30 16:00:00,1,665.405,666.18,154,1.0,102276.48959999994,119.3499999999965,1.3860000000000001,117.9639999999965,0.0011511786055108954,0.0011533833480338435,0.7659999999999773,session_close
B,97,2025-10-01,2025-10-01 13:30:00,2025-10-01 16:00:00,1,667.9987,668.45,154,1.0,102394.45359999994,69.50020000000927,1.3860000000000001,68.11420000000928,0.0006621270370736654,0.0006652137650550373,0.44230000000006026,session_close
B,98,2025-10-03,2025-10-03 11:00:00,2025-10-03 11:30:00,1,672.1,671.76,152,1.0,102462.56779999995,-51.68000000000484,1.368,-53.04800000000483,-0.000519267966076524,-0.0005177305345650811,-0.3490000000000318,stop_or_reverse
B,99,2025-10-03,2025-10-03 12:00:00,2025-10-03 13:30:00,1,672.51,670.265,152,1.0,102462.56779999995,-341.2400000000007,1.368,-342.6080000000007,-0.0033516230241929556,-0.0033437381802567012,-2.2540000000000044,stop_or_reverse
B,100,2025-10-06,2025-10-06 12:00:00,2025-10-06 15:30:00,1,671.83,671.73,152,1.0,102066.91179999996,-15.200000000003456,1.368,-16.568000000003458,-0.00016224342467591912,-0.0001623248877409796,-0.10900000000002275,stop_or_reverse
B,101,2025-10-07,2025-10-07 11:30:00,2025-10-07 16:00:00,-1,669.23,669.12,151,1.0,102050.34379999996,16.61000000000206,1.359,15.25100000000206,0.00015091971370084073,0.00014944584635492492,0.10100000000001365,session_close
B,102,2025-10-08,2025-10-08 10:30:00,2025-10-08 15:00:00,1,671.91,672.2407,152,1.0,102065.59479999996,50.26639999999679,1.368,48.8983999999968,0.0004787843610006979,0.0004790879835248539,0.32169999999997895,stop_or_reverse
B,103,2025-10-08,2025-10-08 15:30:00,2025-10-08 16:00:00,1,672.875,673.11,152,1.0,102065.59479999996,35.720000000002074,1.368,34.35200000000208,0.0003358721902285174,0.0003365678715468779,0.22600000000001366,session_close
B,104,2025-10-09,2025-10-09 13:00:00,2025-10-09 14:00:00,-1,669.76,670.18,152,1.0,102148.84519999998,-63.83999999999378,1.368,-65.20799999999377,-0.0006405279503104978,-0.0006383625764179837,-0.428999999999959,stop_or_reverse
B,105,2025-10-10,2025-10-10 11:00:00,2025-10-10 16:00:00,-1,668.725,653.02,151,1.0,102083.6372,2371.4550000000063,1.359,2370.0960000000064,0.023471531646042904,0.02321719782923258,15.696000000000042,session_close
B,106,2025-10-16,2025-10-16 14:00:00,2025-10-16 16:00:00,-1,661.81,660.64,156,1.0,104453.7332,182.51999999999362,1.4040000000000001,181.11599999999362,0.0017542799292847785,0.0017339351543635745,1.1609999999999592,session_close
B,107,2025-10-17,2025-10-17 10:30:00,2025-10-17 11:00:00,1,662.4,659.57,158,1.0,104634.8492,-447.1399999999885,1.4220000000000002,-448.56199999998853,-0.0042859299516907114,-0.004286927380595762,-2.8389999999999276,stop_or_reverse
B,108,2025-10-17,2025-10-17 14:30:00,2025-10-17 16:00:00,1,664.65,664.39,158,1.0,104634.8492,-41.07999999999856,1.4220000000000002,-42.50199999999856,-0.00040472429098020144,-0.0004061935418739874,-0.2689999999999909,session_close
B,109,2025-10-20,2025-10-20 10:30:00,2025-10-20 12:00:00,1,670.3,670.64,155,1.0,104143.78520000001,52.700000000004934,1.395,51.30500000000494,0.0004938087423542173,0.000492636213495387,0.3310000000000319,stop_or_reverse
B,110,2025-10-22,2025-10-22 10:30:00,2025-10-22 11:00:00,-1,669.3375,670.08,155,1.0,104195.09020000002,-115.08750000000987,1.395,-116.48250000000988,-0.00112275197490065,-0.0011179269558327985,-0.7515000000000638,stop_or_reverse
B,111,2025-10-22,2025-10-22 11:30:00,2025-10-22 12:00:00,-1,667.89,669.008,155,1.0,104195.09020000002,-173.29000000000804,1.395,-174.68500000000802,-0.0016874036143677128,-0.0016765185352275646,-1.1270000000000517,stop_or_reverse
B,112,2025-10-22,2025-10-22 12:30:00,2025-10-22 15:30:00,-1,667.63,667.46,155,1.0,104195.09020000002,26.349999999993656,1.395,24.954999999993653,0.0002411515360303747,0.0002395026478895802,0.16099999999995906,stop_or_reverse
B,113,2025-10-30,2025-10-30 10:30:00,2025-10-30 11:00:00,-1,683.44,684.49,151,1.0,103928.87770000003,-158.54999999999313,1.359,-159.90899999999314,-0.0015495142221701314,-0.0015386387646904524,-1.0589999999999546,stop_or_reverse
B,114,2025-11-03,2025-11-03 10:30:00,2025-11-03 11:00:00,-1,680.3899,682.42,152,1.0,103768.96870000004,-308.57519999999204,1.368,-309.94319999999203,-0.002996958067719623,-0.0029868582475368853,-2.0390999999999475,stop_or_reverse
B,115,2025-11-04,2025-11-04 12:30:00,2025-11-04 14:30:00,-1,676.94,676.23,152,1.0,103459.02550000006,107.92000000000553,1.368,106.55200000000553,0.001035542293260904,0.0010298956469487089,0.7010000000000364,stop_or_reverse
B,116,2025-11-04,2025-11-04 15:00:00,2025-11-04 15:30:00,-1,675.225,675.985,152,1.0,103459.02550000006,-115.51999999999862,1.368,-116.88799999999861,-0.0011388796327150075,-0.0011297999322446598,-0.7689999999999909,stop_or_reverse
B,117,2025-11-05,2025-11-05 11:30:00,2025-11-05 15:30:00,1,678.34,679.76,152,1.0,103448.68950000008,215.83999999999378,1.368,214.47199999999378,0.002080077837072794,0.002073221043558929,1.4109999999999592,stop_or_reverse
B,118,2025-11-06,2025-11-06 11:00:00,2025-11-06 14:30:00,-1,670.91,673.4,153,1.0,103663.16150000007,-380.9700000000014,1.377,-382.3470000000014,-0.0037247917008242674,-0.003688359437117892,-2.499000000000009,stop_or_reverse
B,119,2025-11-07,2025-11-07 11:00:00,2025-11-07 13:30:00,-1,663.36,665.3,154,1.0,103280.81450000007,-298.7599999999909,1.3860000000000001,-300.14599999999086,-0.002938072841292723,-0.002906115733624377,-1.9489999999999408,stop_or_reverse
B,120,2025-11-10,2025-11-10 14:30:00,2025-11-10 16:00:00,1,680.755,681.44,151,1.0,102980.66850000007,103.43500000000893,1.359,102.07600000000893,0.000993015108225513,0.0009912151619020503,0.6760000000000591,session_close
B,121,2025-11-11,2025-11-11 10:30:00,2025-11-11 12:00:00,-1,679.365,679.7,151,1.0,103082.74450000009,-50.58500000000549,1.359,-51.944000000005495,-0.0005063551993406142,-0.0005039058695221823,-0.3440000000000364,stop_or_reverse
B,122,2025-11-13,2025-11-13 11:00:00,2025-11-13 16:00:00,-1,676.3,672.04,151,1.0,103030.80050000008,643.2599999999986,1.359,641.9009999999987,0.0062856720390359186,0.0062301855065175216,4.2509999999999915,session_close
B,123,2025-11-14,2025-11-14 11:30:00,2025-11-14 13:30:00,1,674.48,672.99,155,1.0,103672.70150000008,-230.9500000000014,1.395,-232.3450000000014,-0.0022224528525679175,-0.0022411396311496834,-1.499000000000009,stop_or_reverse
B,124,2025-11-14,2025-11-14 14:30:00,2025-11-14 15:30:00,1,674.0401,672.46,155,1.0,103672.70150000008,-244.91550000000245,1.395,-246.31050000000243,-0.002357574868320172,-0.0023758472233889097,-1.5891000000000157,stop_or_reverse
B,125,2025-11-17,2025-11-17 13:00:00,2025-11-17 16:00:00,-1,669.233,665.67,153,1.0,103194.04600000009,545.1389999999982,1.377,543.7619999999982,0.005310557010786959,0.005269315634741153,3.5539999999999883,session_close
B,126,2025-11-20,2025-11-20 12:00:00,2025-11-20 16:00:00,-1,659.75,652.53,153,1.0,103737.80800000008,1104.6600000000042,1.377,1103.2830000000042,0.01092989768851842,0.010635302801077148,7.211000000000028,session_close
B,127,2025-11-21,2025-11-21 12:00:00,2025-11-21 13:30:00,1,660.82,658.13,160,1.0,104841.09100000007,-430.40000000000873,1.4400000000000002,-431.8400000000088,-0.004084319481855959,-0.004118995671267943,-2.699000000000055,stop_or_reverse
B,128,2025-11-21,2025-11-21 14:00:00,2025-11-21 16:00:00,1,662.29,659.03,160,1.0,104841.09100000007,-521.5999999999985,1.4400000000000002,-523.0399999999985,-0.004935904211146161,-0.004988883604807185,-3.2689999999999904,session_close
B,129,2025-11-24,2025-11-24 10:30:00,2025-11-24 12:00:00,1,665.435,667.48,156,1.0,103886.21100000007,319.02000000001135,1.4040000000000001,317.61600000001135,0.0030596527083788395,0.0030573451177270403,2.036000000000073,stop_or_reverse
B,130,2025-11-24,2025-11-24 12:30:00,2025-11-24 14:30:00,1,668.21,668.96,156,1.0,103886.21100000007,117.0,1.4040000000000001,115.59599999999999,0.0011089328205204948,0.0011127174519821492,0.7409999999999999,stop_or_reverse
B,131,2025-11-24,2025-11-24 15:30:00,2025-11-24 16:00:00,1,668.92,668.73,156,1.0,103886.21100000007,-29.639999999990778,1.4040000000000001,-31.043999999990778,-0.0002974944686957198,-0.00029882695404100123,-0.1989999999999409,session_close
B,132,2025-11-25,2025-11-25 12:30:00,2025-11-25 14:30:00,1,673.33,673.34,155,1.0,104288.37900000007,1.5499999999985903,1.395,0.1549999999985903,1.4851558670947456e-06,1.4862633927658438e-06,0.000999999999990905,stop_or_reverse
B,133,2025-11-25,2025-11-25 15:30:00,2025-11-25 16:00:00,1,674.52,675.02,155,1.0,104288.37900000007,77.5,1.395,76.10499999999999,0.0007279250429935361,0.0007297553258546663,0.49099999999999994,session_close
B,134,2025-11-26,2025-11-26 10:30:00,2025-11-26 12:30:00,1,678.2,680.97,154,1.0,104364.63900000008,426.5799999999972,1.3860000000000001,425.19399999999723,0.004071070480684137,0.004074119395938282,2.760999999999982,stop_or_reverse
B,135,2025-12-01,2025-12-01 10:30:00,2025-12-01 11:00:00,-1,679.675,681.73,153,1.0,104789.83300000009,-314.41500000000974,1.377,-315.79200000000975,-0.003036745503365673,-0.003013574799761438,-2.0640000000000636,stop_or_reverse
