date,open_proxy,observed_close,anchor_available_at,scheduled_close,close,previous_close,spy_return,spy_vol_prior14,prior_sessions,eligible
2025-03-13,549.9453,546.6305,2025-03-13 10:00:00,2025-03-13 16:00:00,546.6305,554.0158,-0.013330486242450146,0.012444561820587969,0,False
2025-03-14,552.0728,557.9216,2025-03-14 10:00:00,2025-03-14 16:00:00,557.9216,546.6305,0.020655817778188368,0.012229352467698225,1,False
2025-03-17,560.5039,562.2239,2025-03-17 10:00:00,2025-03-17 16:00:00,562.2239,557.9216,0.007711298505022723,0.014153172976969115,2,False
2025-03-18,555.8831,556.1472,2025-03-18 10:00:00,2025-03-18 16:00:00,556.1471,562.2239,-0.010808505294776616,0.014497245545157184,3,False
2025-03-19,559.2103,562.204,2025-03-19 10:00:00,2025-03-19 16:00:00,562.204,556.1471,0.010890823668773919,0.014588105604683639,4,False
2025-03-20,561.6885,560.5782,2025-03-20 10:00:00,2025-03-20 16:00:00,560.5783,562.204,-0.0028916549864460572,0.014664780645023153,5,False
2025-03-21,556.7365,560.7628,2025-03-21 10:00:00,2025-03-21 16:00:00,560.7626,560.5783,0.0003287676315690824,0.013749706653423469,6,False
2025-03-24,569.5275,570.8052,2025-03-24 10:00:00,2025-03-24 16:00:00,570.8049,560.7626,0.017908291316146796,0.01315860371404515,7,False
2025-03-25,571.4266,572.1773,2025-03-25 10:00:00,2025-03-25 16:00:00,572.1771,570.8049,0.002403973757057809,0.013859669208223948,8,False
2025-03-26,570.2513,565.3465,2025-03-26 10:00:00,2025-03-26 16:00:00,565.3463,572.1771,-0.011938261772447611,0.013535642876642573,9,False
2025-03-27,565.093,563.8452,2025-03-27 10:00:00,2025-03-27 16:00:00,563.8449,565.3463,-0.002655717389500878,0.013050755520402448,10,False
2025-03-28,559.8779,552.4902,2025-03-28 10:00:00,2025-03-28 16:00:00,552.4901,563.8449,-0.02013816210805497,0.012953426017976485,11,False
2025-03-31,546.5891,556.199,2025-03-31 10:00:00,2025-03-31 16:00:00,556.1988,552.4901,0.006712699467375183,0.012041296280338946,12,False
2025-04-01,554.0215,557.77,2025-04-01 10:00:00,2025-04-01 16:00:00,557.7698,556.1988,0.002824529646594076,0.011946007196912047,13,False
2025-04-02,555.3837,561.2997,2025-04-02 10:00:00,2025-04-02 16:00:00,561.2995,557.7698,0.006328237921809254,0.011891080579637442,14,True
2025-04-03,541.041,533.6384,2025-04-03 10:00:00,2025-04-03 16:00:00,533.6382,561.2995,-0.049280820667041314,0.011270661336948085,15,True
2025-04-04,519.9768,502.3976,2025-04-04 10:00:00,2025-04-04 16:00:00,502.3975,533.6382,-0.058542847944543674,0.016587774175811414,16,True
2025-04-07,492.6188,501.5028,2025-04-07 10:00:00,2025-04-07 16:00:00,501.5026,502.3975,-0.0017812588637483584,0.021887854182283457,17,True
2025-04-08,520.0563,493.6479,2025-04-08 10:00:00,2025-04-08 16:00:00,493.6476,501.5026,-0.01566292976347472,0.021924572129974205,18,True
2025-04-09,497.3466,545.4904,2025-04-09 10:00:00,2025-04-09 16:00:00,545.4902,493.6476,0.10501945112262256,0.021387599503885205,19,True
2025-04-10,525.8864,521.5876,2025-04-10 10:00:00,2025-04-10 16:00:00,521.5873,545.4902,-0.04381911902358637,0.037297010896694176,20,True
2025-04-11,522.1464,530.8942,2025-04-11 10:00:00,2025-04-11 16:00:00,530.894,521.5873,0.017843034138292913,0.03897548406732831,21,True
2025-04-14,537.5858,536.0446,2025-04-14 10:00:00,2025-04-14 16:00:00,536.0444,530.894,0.00970137164857765,0.03897260530245326,22,True
2025-04-15,538.3414,534.5432,2025-04-15 10:00:00,2025-04-15 16:00:00,534.543,536.0444,-0.002800887389178941,0.03912024443657424,23,True
2025-04-16,526.6883,522.6614,2025-04-16 10:00:00,2025-04-16 16:00:00,522.6612,534.543,-0.022227959210016746,0.03905299897906832,24,True
2025-04-17,525.6442,523.4071,2025-04-17 10:00:00,2025-04-17 16:00:00,523.4069,522.6612,0.001426736861278366,0.03937699555099801,25,True
2025-04-21,514.4386,510.9486,2025-04-21 10:00:00,2025-04-21 16:00:00,510.9484,523.4069,-0.023802704931860763,0.03914782601299672,26,True
2025-04-22,518.9427,524.2423,2025-04-22 10:00:00,2025-04-22 16:00:00,524.2421,510.9484,0.026017695720350842,0.03940444236760609,27,True
2025-04-23,541.036,532.3657,2025-04-23 10:00:00,2025-04-23 16:00:00,532.3655,524.2421,0.015495512474102968,0.04025257157345018,28,True
2025-04-24,536.4012,543.5714,2025-04-24 10:00:00,2025-04-24 16:00:00,543.5712,532.3655,0.021048884647859367,0.04050177356619374,29,True
2025-04-25,542.4578,547.4989,2025-04-25 10:00:00,2025-04-25 16:00:00,547.4987,543.5712,0.0072253644048838606,0.03864275638324682,30,True
2025-04-28,547.1111,547.7077,2025-04-28 10:00:00,2025-04-28 16:00:00,547.7075,547.4987,0.00038137076855160323,0.03449204992686046,31,True
2025-04-29,547.4393,551.1579,2025-04-29 10:00:00,2025-04-29 16:00:00,551.1577,547.7075,0.006299347735789551,0.03445600868439488,32,True
2025-04-30,538.6397,551.3766,2025-04-30 10:00:00,2025-04-30 16:00:00,551.3764,551.1577,0.00039680113332352107,0.033846944151335906,33,True
2025-05-01,557.2927,555.2842,2025-05-01 10:00:00,2025-05-01 16:00:00,555.284,551.3764,0.007086991753727512,0.01930124820908633,34,True
2025-05-02,560.2656,563.527,2025-05-02 10:00:00,2025-05-02 16:00:00,563.5267,555.284,0.014844115803804847,0.014390477024464282,35,True
2025-05-05,560.5838,560.2955,2025-05-05 10:00:00,2025-05-05 16:00:00,560.2953,563.5267,-0.005734244712806036,0.014198876438850578,36,True
2025-05-06,554.2603,555.6123,2025-05-06 10:00:00,2025-05-06 16:00:00,555.6121,560.2953,-0.008358449553297898,0.014351001989229747,37,True
2025-05-07,558.1379,557.949,2025-05-07 10:00:00,2025-05-07 16:00:00,557.9487,555.6121,0.004205451969098606,0.014606183379156746,38,True
2025-05-08,560.8523,561.8366,2025-05-08 10:00:00,2025-05-08 16:00:00,561.8364,557.9487,0.006967844893267072,0.012696755378422908,39,True
2025-05-09,563.6462,561.1208,2025-05-09 10:00:00,2025-05-09 16:00:00,561.1205,561.8364,-0.0012742143442469045,0.012671452967658672,40,True
2025-05-12,575.5974,579.6644,2025-05-12 10:00:00,2025-05-12 16:00:00,579.6641,561.1205,0.03304744702786655,0.009822255564252999,41,True
2025-05-13,581.9811,583.4924,2025-05-13 10:00:00,2025-05-13 16:00:00,583.4922,579.6641,0.0066039970389748515,0.010992571113328466,42,True
2025-05-14,584.1653,584.2382,2025-05-14 10:00:00,2025-05-14 16:00:00,584.2379,583.4922,0.0012779948043863953,0.010733935324176002,43,True
2025-05-15,582.7765,587.0917,2025-05-15 10:00:00,2025-05-15 16:00:00,587.0915,584.2379,0.004884311681936371,0.009963089472711087,44,True
2025-05-16,587.2608,590.8104,2025-05-16 10:00:00,2025-05-16 16:00:00,590.8102,587.0915,0.00633410635309839,0.009946332371261172,45,True
2025-05-19,587.9369,591.4567,2025-05-19 10:00:00,2025-05-19 16:00:00,591.4565,590.8102,0.001093921533514397,0.009858484009281942,46,True
2025-05-20,589.4383,589.4681,2025-05-20 10:00:00,2025-05-20 16:00:00,589.4679,591.4565,-0.0033622083788072965,0.009922755861902112,47,True
2025-05-21,586.6244,579.5351,2025-05-21 10:00:00,2025-05-21 16:00:00,579.5349,589.4679,-0.01685079034838033,0.010108872103030872,48,True
2025-05-22,581.0166,579.7638,2025-05-22 10:00:00,2025-05-22 16:00:00,579.7635,579.5349,0.0003944542425313724,0.011610617312684597,49,True
2025-05-23,573.4699,575.8065,2025-05-23 10:00:00,2025-05-23 16:00:00,575.8063,579.7635,-0.006825541794197254,0.011120120748944215,50,True
2025-05-27,582.9554,587.7778,2025-05-27 10:00:00,2025-05-27 16:00:00,587.7776,575.8063,0.02079049847144776,0.011182817826459926,51,True
2025-05-28,587.39,584.3773,2025-05-28 10:00:00,2025-05-28 16:00:00,584.3771,587.7776,-0.0057853514662687955,0.011800390008150748,52,True
2025-05-29,587.8027,586.6841,2025-05-29 10:00:00,2025-05-29 16:00:00,586.6838,584.3771,0.003947279932769332,0.012091503992730561,53,True
2025-05-30,584.0691,586.0278,2025-05-30 10:00:00,2025-05-30 16:00:00,586.0276,586.6838,-0.0011184900622789318,0.012049402843750534,54,True
2025-06-02,582.9853,589.3289,2025-06-02 10:00:00,2025-06-02 16:00:00,589.3287,586.0276,0.005633011141454869,0.012045063160576594,55,True
2025-06-03,589.1102,592.6896,2025-06-03 10:00:00,2025-06-03 16:00:00,592.6894,589.3287,0.005702590082580228,0.008530536325225723,56,True
2025-06-04,593.3658,592.5305,2025-06-04 10:00:00,2025-06-04 16:00:00,592.5303,592.6894,-0.00026843739739557115,0.008490042646046119,57,True
2025-06-05,590.8601,589.6669,2025-06-05 10:00:00,2025-06-05 16:00:00,589.6667,592.5303,-0.0048328330213661674,0.008498320943307505,58,True
2025-06-06,596.9532,595.7222,2025-06-06 10:00:00,2025-06-06 16:00:00,595.722,589.6667,0.010269021465855177,0.008556863607828398,59,True
2025-06-09,595.5532,596.2592,2025-06-09 10:00:00,2025-06-09 16:00:00,596.2589,595.722,0.0009012593122297297,0.00882896128879653,60,True
2025-06-10,597.1441,599.6398,2025-06-10 10:00:00,2025-06-10 16:00:00,599.6395,596.2589,0.005669684762776628,0.008828328742242186,61,True
2025-06-11,600.1868,597.9296,2025-06-11 10:00:00,2025-06-11 16:00:00,597.9293,599.6395,-0.0028520469382020686,0.008845411483658121,62,True
2025-06-12,597.3827,600.3059,2025-06-12 10:00:00,2025-06-12 16:00:00,600.3057,597.9293,0.003974382924536446,0.007296337116088503,63,True
2025-06-13,595.3643,593.5944,2025-06-13 10:00:00,2025-06-13 16:00:00,593.5942,600.3057,-0.011180137053504624,0.007288695182387859,64,True
2025-06-16,599.764,599.242,2025-06-16 10:00:00,2025-06-16 16:00:00,599.2418,593.5942,0.009514243906022068,0.007793387272159155,65,True
2025-06-17,597.5616,594.1215,2025-06-17 10:00:00,2025-06-17 16:00:00,594.1212,599.2418,-0.008545131531211503,0.006129812746204658,66,True
2025-06-18,595.76,594.0319,2025-06-18 10:00:00,2025-06-18 16:00:00,594.0317,594.1212,-0.0001506426634835245,0.006416277456935581,67,True
2025-06-20,595.5987,592.6369,2025-06-20 10:00:00,2025-06-20 16:00:00,592.6368,594.0317,-0.002348191182389825,0.006374695362653697,68,True
2025-06-23,595.1,598.4907,2025-06-23 10:00:00,2025-06-23 16:00:00,598.4906,592.6368,0.00987755063472262,0.00641312671823097,69,True
2025-06-24,602.2103,605.1024,2025-06-24 10:00:00,2025-06-24 16:00:00,605.1022,598.4906,0.011047124215484816,0.006749642158191972,70,True
2025-06-25,606.5084,605.4414,2025-06-25 10:00:00,2025-06-25 16:00:00,605.4413,605.1022,0.0005604012016480198,0.007166792528261291,71,True
2025-06-26,607.5355,610.1782,2025-06-26 10:00:00,2025-06-26 16:00:00,610.1782,605.4413,0.007823879870765271,0.007154424782820875,72,True
2025-06-27,612.7512,613.2098,2025-06-27 10:00:00,2025-06-27 16:00:00,613.2098,610.1782,0.0049683846456658465,0.007083154049546871,73,True
2025-06-30,614.6858,616.1417,2025-06-30 10:00:00,2025-06-30 16:00:00,616.1417,613.2098,0.004781234742171403,0.00676882060315721,74,True
2025-07-01,615.4553,615.9423,2025-07-01 10:00:00,2025-07-01 16:00:00,615.9422,616.1417,-0.0003237891543456106,0.0067957794457405366,75,True
2025-07-02,615.5932,618.7346,2025-07-02 10:00:00,2025-07-02 16:00:00,618.7344,615.9422,0.004533217564895109,0.00676042308237923,76,True
2025-07-03,622.514,623.611,2025-07-03 10:00:00,2025-07-03 13:00:00,623.611,618.7344,0.007881572448533491,0.0066449622188862675,77,True
2025-07-07,621.8758,618.9639,2025-07-07 10:00:00,2025-07-07 16:00:00,618.9638,623.611,-0.00745208150593879,0.006793547874936209,78,True
2025-07-08,618.9439,618.6249,2025-07-08 10:00:00,2025-07-08 16:00:00,618.6248,618.9638,-0.0005476895417791949,0.006257628677273243,79,True
2025-07-09,622.514,622.3345,2025-07-09 10:00:00,2025-07-09 16:00:00,622.3345,618.6248,0.0059966881379471815,0.006026947160226847,80,True
2025-07-10,621.6365,624.0897,2025-07-10 10:00:00,2025-07-10 16:00:00,624.0896,622.3345,0.0028201875358027095,0.005213538754319208,81,True
2025-07-11,621.467,621.8958,2025-07-11 10:00:00,2025-07-11 16:00:00,621.8957,624.0896,-0.0035153606148859984,0.005120514566261188,82,True
2025-07-14,620.9883,623.0825,2025-07-14 10:00:00,2025-07-14 16:00:00,623.0824,621.8957,0.0019081977894364055,0.005232115816641424,83,True
2025-07-15,623.97,620.4199,2025-07-15 10:00:00,2025-07-15 16:00:00,620.4198,623.0824,-0.0042732710793949025,0.004903491835433005,84,True
2025-07-16,620.3301,622.4941,2025-07-16 10:00:00,2025-07-16 16:00:00,622.494,620.4198,0.003343220187363549,0.004646185792752976,85,True
2025-07-17,624.1395,626.3035,2025-07-17 10:00:00,2025-07-17 16:00:00,626.3035,622.494,0.006119737700283068,0.00464872689786294,86,True
2025-07-18,627.5002,625.8448,2025-07-18 10:00:00,2025-07-18 16:00:00,625.8447,626.3035,-0.0007325521891542452,0.004504461816199523,87,True
2025-07-21,629.036,627.0316,2025-07-21 10:00:00,2025-07-21 16:00:00,627.0314,625.8447,0.0018961573054785408,0.004460710295524807,88,True
2025-07-22,625.037,627.1213,2025-07-22 10:00:00,2025-07-22 16:00:00,627.1212,627.0314,0.0001432145184436795,0.004361361725091202,89,True
2025-07-23,628.2183,632.4565,2025-07-23 10:00:00,2025-07-23 16:00:00,632.4564,627.1212,0.008507446407488573,0.004350079427216838,90,True
2025-07-24,633.354,632.6659,2025-07-24 10:00:00,2025-07-24 16:00:00,632.6658,632.4564,0.000331090016639779,0.004693789757426304,91,True
2025-07-25,633.5334,635.3384,2025-07-25 10:00:00,2025-07-25 16:00:00,635.3384,632.6658,0.004224347198789502,0.004333793691439217,92,True
2025-07-28,635.6876,635.179,2025-07-28 10:00:00,2025-07-28 16:00:00,635.1788,635.3384,-0.0002512047123233163,0.003642422556693162,93,True
2025-07-29,636.256,633.5036,2025-07-29 10:00:00,2025-07-29 16:00:00,633.5035,635.1788,-0.002637525055936951,0.0036280997453053475,94,True
2025-07-30,633.9523,632.7058,2025-07-30 10:00:00,2025-07-30 16:00:00,632.7057,633.5035,-0.0012593458441825245,0.0036108856523721275,95,True
2025-07-31,637.677,630.3324,2025-07-31 10:00:00,2025-07-31 16:00:00,630.3323,632.7057,-0.0037511911146049792,0.003641286929661812,96,True
2025-08-01,619.4525,620.001,2025-08-01 10:00:00,2025-08-01 16:00:00,620.0009,630.3323,-0.016390402332230214,0.003664186144917365,97,True
2025-08-04,627.4005,629.4249,2025-08-04 10:00:00,2025-08-04 16:00:00,629.4248,620.0009,0.015199816645427466,0.005890651988787581,98,True
2025-08-05,629.4947,626.2337,2025-08-05 10:00:00,2025-08-05 16:00:00,626.2336,629.4248,-0.005070025839464809,0.007070762960690552,99,True
2025-08-06,627.2111,631.0305,2025-08-06 10:00:00,2025-08-06 16:00:00,631.0303,626.2336,0.007659601784381964,0.007217155609374204,100,True
2025-08-07,634.8,630.5019,2025-08-07 10:00:00,2025-08-07 16:00:00,630.5018,631.0303,-0.0008375192126273134,0.007321159613631486,101,True
2025-08-08,634.1917,635.4183,2025-08-08 10:00:00,2025-08-08 16:00:00,635.4182,630.5018,0.00779759867457952,0.00732264106512882,102,True
2025-08-11,635.9368,634.1617,2025-08-11 10:00:00,2025-08-11 16:00:00,634.1617,635.4182,-0.0019774378511663304,0.007571441779249559,103,True
2025-08-12,635.4083,640.913,2025-08-12 10:00:00,2025-08-12 16:00:00,640.913,634.1617,0.01064602293074457,0.007610499383546218,104,True
2025-08-13,643.8051,643.107,2025-08-13 10:00:00,2025-08-13 16:00:00,643.1069,640.913,0.0034230855045849218,0.007795774951234073,105,True
2025-08-14,642.2872,643.1668,2025-08-14 10:00:00,2025-08-14 16:00:00,643.1667,643.1069,9.298609609076358e-05,0.007819817356518613,106,True
2025-08-15,641.6362,641.6609,2025-08-15 10:00:00,2025-08-15 16:00:00,641.6609,643.1667,-0.0023412281761477916,0.0077746602475312985,107,True
2025-08-18,640.9629,641.5214,2025-08-18 10:00:00,2025-08-18 16:00:00,641.5213,641.6609,-0.00021756039677656158,0.007818474146473211,108,True
2025-08-19,641.1025,638.041,2025-08-19 10:00:00,2025-08-19 16:00:00,638.041,641.5213,-0.005425073181513862,0.007764290644087866,109,True
2025-08-20,633.5535,636.3457,2025-08-20 10:00:00,2025-08-20 16:00:00,636.3456,638.041,-0.002657196010914742,0.007932512372744125,110,True
2025-08-21,633.3041,633.7928,2025-08-21 10:00:00,2025-08-21 16:00:00,633.7927,636.3456,-0.004011813706262801,0.007891323803037016,111,True
2025-08-22,637.1435,643.5258,2025-08-22 10:00:00,2025-08-22 16:00:00,643.5257,633.7927,0.015356756239066849,0.006376288448853243,112,True
2025-08-25,642.5585,640.6936,2025-08-25 10:00:00,2025-08-25 16:00:00,640.6935,643.5257,-0.0044010674321166565,0.006402138701112169,113,True
2025-08-26,640.7136,643.3762,2025-08-26 10:00:00,2025-08-26 16:00:00,643.3762,640.6935,0.004187181546246421,0.006350795770757866,114,True
2025-08-27,643.5433,644.8422,2025-08-27 10:00:00,2025-08-27 16:00:00,644.842,643.3762,0.002278293788299912,0.006163092078375155,115,True
2025-08-28,644.2737,647.1258,2025-08-28 10:00:00,2025-08-28 16:00:00,647.1257,644.842,0.003541487682254152,0.006132160799137032,116,True
2025-08-29,643.7128,643.2665,2025-08-29 10:00:00,2025-08-29 16:00:00,643.2664,647.1257,-0.00596375634594648,0.005903861456228725,117,True
2025-09-02,637.5623,638.4998,2025-09-02 10:00:00,2025-09-02 16:00:00,638.4996,643.2664,-0.007410304657603728,0.00616551027495039,118,True
2025-09-03,640.2798,641.9601,2025-09-03 10:00:00,2025-09-03 16:00:00,641.9601,638.4996,0.005419737146272308,0.005882738370216452,119,True
2025-09-04,643.2351,647.3253,2025-09-04 10:00:00,2025-09-04 16:00:00,647.3252,641.9601,0.00835737298938044,0.006001725996916636,120,True
2025-09-05,649.2599,645.4504,2025-09-05 10:00:00,2025-09-05 16:00:00,645.4504,647.3252,-0.0028962258846095823,0.006415483453872863,121,True
2025-09-08,646.5624,647.0361,2025-09-08 10:00:00,2025-09-08 16:00:00,647.036,645.4504,0.0024565791577477736,0.006435936163992274,122,True
2025-09-09,647.2455,648.5319,2025-09-09 10:00:00,2025-09-09 16:00:00,648.5319,647.036,0.0023119270025160343,0.006454579845758307,123,True
2025-09-10,651.7546,650.4067,2025-09-10 10:00:00,2025-09-10 16:00:00,650.4066,648.5319,0.002890682786768295,0.006223261266515203,124,True
2025-09-11,653.8023,655.8117,2025-09-11 10:00:00,2025-09-11 16:00:00,655.8116,650.4066,0.0083101862742474,0.006135908201852017,125,True
2025-09-12,655.8217,655.5923,2025-09-12 10:00:00,2025-09-12 16:00:00,655.5923,655.8116,-0.00033439481704800045,0.006155855585476103,126,True
2025-09-15,658.8932,659.0826,2025-09-15 10:00:00,2025-09-15 16:00:00,659.0826,655.5923,0.00532388803224193,0.0049343568697911835,127,True
2025-09-16,658.3746,658.1752,2025-09-16 10:00:00,2025-09-16 16:00:00,658.1751,659.0826,-0.0013769139103352313,0.004745002782012621,128,True
2025-09-17,658.0904,657.3574,2025-09-17 10:00:00,2025-09-17 16:00:00,657.3574,658.1751,-0.0012423745595967484,0.004783624178241893,129,True
2025-09-18,660.2594,660.429,2025-09-18 10:00:00,2025-09-18 16:00:00,660.4288,657.3574,0.004672344146426255,0.004839494655868963,130,True
2025-09-19,662.125,663.7,2025-09-19 10:00:00,2025-09-19 16:00:00,663.7,660.4288,0.004953145592681674,0.004887459608350402,131,True
2025-09-22,663.43,666.84,2025-09-22 10:00:00,2025-09-22 16:00:00,666.84,663.7,0.004731053186680656,0.004463430274592202,132,True
2025-09-23,666.78,663.21,2025-09-23 10:00:00,2025-09-23 16:00:00,663.21,666.84,-0.005443584667986334,0.003523601873562632,133,True
2025-09-24,663.015,661.1,2025-09-24 10:00:00,2025-09-24 16:00:00,661.1,663.21,-0.003181496057055866,0.004121817720038921,134,True
2025-09-25,655.99,658.05,2025-09-25 10:00:00,2025-09-25 16:00:00,658.05,661.1,-0.004613522916351642,0.00397640502311298,135,True
2025-09-26,661.83,661.82,2025-09-26 10:00:00,2025-09-26 16:00:00,661.82,658.05,0.005729047944685206,0.0041457481177637825,136,True
2025-09-29,664.61,663.68,2025-09-29 10:00:00,2025-09-29 16:00:00,663.68,661.82,0.0028104318394728267,0.0042999099306304175,137,True
2025-09-30,663.065,666.18,2025-09-30 10:00:00,2025-09-30 16:00:00,666.18,663.68,0.0037668756027000594,0.00430810492815071,138,True
2025-10-01,663.6824,668.45,2025-10-01 10:00:00,2025-10-01 16:00:00,668.45,666.18,0.0034074874658502896,0.0043336601448775765,139,True
2025-10-02,669.3,669.22,2025-10-02 10:00:00,2025-10-02 16:00:00,669.22,668.45,0.0011519186176975893,0.003940571921589453,140,True
2025-10-03,670.67,669.21,2025-10-03 10:00:00,2025-10-03 16:00:00,669.21,669.22,-1.4942769194004057e-05,0.003910985773638198,141,True
2025-10-06,669.95,671.61,2025-10-06 10:00:00,2025-10-06 16:00:00,671.61,669.21,0.0035863181960820167,0.0037646615057479777,142,True
2025-10-07,672.095,669.12,2025-10-07 10:00:00,2025-10-07 16:00:00,669.12,671.61,-0.00370750882208426,0.0037474888685802357,143,True
2025-10-08,670.385,673.11,2025-10-08 10:00:00,2025-10-08 16:00:00,673.11,669.12,0.005963055954088858,0.0039368981622520125,144,True
2025-10-09,671.73,671.16,2025-10-09 10:00:00,2025-10-09 16:00:00,671.16,673.11,-0.0028970004902616475,0.004036435472895377,145,True
2025-10-10,673.17,653.02,2025-10-10 10:00:00,2025-10-10 16:00:00,653.02,671.16,-0.027027832409559527,0.004045190395101462,146,True
2025-10-13,662.88,663.04,2025-10-13 10:00:00,2025-10-13 16:00:00,663.04,653.02,0.01534409359590816,0.008320579272984269,147,True
2025-10-14,656.8,662.23,2025-10-14 10:00:00,2025-10-14 16:00:00,662.23,663.04,-0.0012216457528956282,0.009346946014603792,148,True
2025-10-15,668.4105,665.17,2025-10-15 10:00:00,2025-10-15 16:00:00,665.17,662.23,0.0044395451731271685,0.00930986907312554,149,True
2025-10-16,666.665,660.64,2025-10-16 10:00:00,2025-10-16 16:00:00,660.64,665.17,-0.006810289099027256,0.009266913376127929,150,True
2025-10-17,660.65,664.39,2025-10-17 10:00:00,2025-10-17 16:00:00,664.39,660.64,0.005676313877452266,0.009360335287296571,151,True
2025-10-20,668.76,671.3,2025-10-20 10:00:00,2025-10-20 16:00:00,671.3,664.39,0.010400517768178297,0.009459374376814352,152,True
2025-10-21,670.58,671.29,2025-10-21 10:00:00,2025-10-21 16:00:00,671.29,671.3,-1.4896469536673784e-05,0.009815628890476597,153,True
2025-10-22,671.215,667.8,2025-10-22 10:00:00,2025-10-22 16:00:00,667.8,671.29,-0.005198945314245695,0.00978268148395487,154,True
2025-10-23,670.1184,671.76,2025-10-23 10:00:00,2025-10-23 16:00:00,671.76,667.8,0.005929919137466433,0.009889188140673012,155,True
2025-10-24,677.47,677.25,2025-10-24 10:00:00,2025-10-24 16:00:00,677.25,671.76,0.008172561629153252,0.010020162464605908,156,True
2025-10-27,683.145,685.24,2025-10-27 10:00:00,2025-10-27 16:00:00,685.24,677.25,0.011797711332595107,0.010208409198394993,157,True
2025-10-28,685.73,687.06,2025-10-28 10:00:00,2025-10-28 16:00:00,687.06,685.24,0.002656003735917345,0.01053557262280369,158,True
2025-10-29,689.64,687.39,2025-10-29 10:00:00,2025-10-29 16:00:00,687.39,687.06,0.0004803073967338811,0.010470811752871317,159,True
2025-10-30,685.05,679.83,2025-10-30 10:00:00,2025-10-30 16:00:00,679.83,687.39,-0.010998123336097287,0.010399946001457036,160,True
2025-10-31,683.55,682.06,2025-10-31 10:00:00,2025-10-31 16:00:00,682.06,679.83,0.0032802318226614613,0.007451278804223497,161,True
2025-11-03,682.52,683.34,2025-11-03 10:00:00,2025-11-03 16:00:00,683.34,682.06,0.0018766677418409206,0.006544318270729556,162,True
2025-11-04,678.8,675.24,2025-11-04 10:00:00,2025-11-04 16:00:00,675.24,683.34,-0.01185354289226448,0.006477505776063212,163,True
2025-11-05,677.17,677.58,2025-11-05 10:00:00,2025-11-05 16:00:00,677.58,675.24,0.0034654345121734043,0.0074474858099721946,164,True
2025-11-06,674.05,670.31,2025-11-06 10:00:00,2025-11-06 16:00:00,670.31,677.58,-0.010729360370731245,0.00710652017992461,165,True
2025-11-07,666.345,670.97,2025-11-07 10:00:00,2025-11-07 16:00:00,670.97,670.31,0.000984619056854319,0.007747805724679119,166,True
2025-11-10,678.525,681.44,2025-11-10 10:00:00,2025-11-10 16:00:00,681.44,670.97,0.015604274408691943,0.007228672868292645,167,True
2025-11-11,680.645,683.0,2025-11-11 10:00:00,2025-11-11 16:00:00,683.0,681.44,0.002289269781638792,0.008346826419926567,168,True
2025-11-12,683.61,683.38,2025-11-12 10:00:00,2025-11-12 16:00:00,683.38,683.0,0.0005563689604686228,0.00814939154007631,169,True
2025-11-13,678.72,672.04,2025-11-13 10:00:00,2025-11-13 16:00:00,672.04,683.38,-0.016593988703210605,0.008057814308636137,170,True
2025-11-14,668.75,671.93,2025-11-14 10:00:00,2025-11-14 16:00:00,671.93,672.04,-0.0001636807332896506,0.0090767391750213,171,True
2025-11-17,672.82,665.67,2025-11-17 10:00:00,2025-11-17 16:00:00,665.67,671.93,-0.009316446653669264,0.008363743473551906,172,True
2025-11-18,658.56,660.08,2025-11-18 10:00:00,2025-11-18 16:00:00,660.08,665.67,-0.008397554343743785,0.008531103303899452,173,True
2025-11-19,665.85,662.63,2025-11-19 10:00:00,2025-11-19 16:00:00,662.63,660.08,0.0038631681008360896,0.008643935288180415,174,True
2025-11-20,675.1099,652.53,2025-11-20 10:00:00,2025-11-20 16:00:00,652.53,662.63,-0.015242292078535558,0.008478169336839609,175,True
2025-11-21,654.83,659.03,2025-11-21 10:00:00,2025-11-21 16:00:00,659.03,652.53,0.00996122783626796,0.00905107431585446,176,True
2025-11-24,664.22,668.73,2025-11-24 10:00:00,2025-11-24 16:00:00,668.73,659.03,0.014718601581111601,0.00963344360802134,177,True
2025-11-25,668.81,675.02,2025-11-25 10:00:00,2025-11-25 16:00:00,675.02,668.73,0.009405888774243643,0.010255102181312386,178,True
2025-11-26,677.18,679.68,2025-11-26 10:00:00,2025-11-26 16:00:00,679.68,675.02,0.006903499155580528,0.010556629217447246,179,True
2025-11-28,681.265,683.39,2025-11-28 10:00:00,2025-11-28 13:00:00,683.39,679.68,0.005458451035781575,0.010253667337795556,180,True
2025-12-01,681.55,680.27,2025-12-01 10:00:00,2025-12-01 16:00:00,680.27,683.39,-0.0045654750581659576,0.010321269032777875,181,True
