date,rows,volume_sum,closing_print,daily_volume,volume_difference,daily_close,close_difference,early_close
2025-03-13,14,77456149,546.6305,74079416,3376733,546.6305,0.0,False
2025-03-14,14,62660320,557.9216,62660320,0,557.9216,0.0,False
2025-03-17,14,49008708,562.2239,49008708,0,562.2239,0.0,False
2025-03-18,14,66041424,556.1472,66041424,0,556.1471,9.999999997489795e-05,False
2025-03-19,14,66555984,562.204,66555984,0,562.204,0.0,False
2025-03-20,14,62958196,560.5782,62958196,0,560.5783,-9.999999997489795e-05,False
2025-03-21,14,83762960,560.7628,83762960,0,560.7626,0.0001999999999497959,False
2025-03-24,14,58766796,570.8052,58766796,0,570.8049,0.0003000000000383807,False
2025-03-25,14,38355736,572.1773,38355736,0,572.1771,0.0001999999999497959,False
2025-03-26,14,52228896,565.3465,52228896,0,565.3463,0.0001999999999497959,False
2025-03-27,14,42164248,563.8452,42164248,0,563.8449,0.00029999999992469384,False
2025-03-28,14,71662656,552.4902,71662656,0,552.4901,9.999999997489795e-05,False
2025-03-31,14,95328216,556.199,95328216,0,556.1988,0.0001999999999497959,False
2025-04-01,14,54609640,557.77,54609640,0,557.7698,0.0001999999999497959,False
2025-04-02,14,76014544,561.2997,76014544,0,561.2995,0.00020000000006348273,False
2025-04-03,14,125986000,533.6384,125986000,0,533.6382,0.00020000000006348273,False
2025-04-04,14,217965136,502.3976,217965136,0,502.3975,0.00010000000003174137,False
2025-04-07,14,256611360,501.5028,256611360,0,501.5026,0.0002000000000066393,False
2025-04-08,14,165816576,493.6479,165816576,0,493.6476,0.00029999999998153726,False
2025-04-09,14,241867312,545.4904,241867312,0,545.4902,0.00020000000006348273,False
2025-04-10,14,162331232,521.5876,162331232,0,521.5873,0.00029999999992469384,False
2025-04-11,14,97866336,530.8942,97866336,0,530.894,0.0001999999999497959,False
2025-04-14,14,68033992,536.0446,68033992,0,536.0444,0.0001999999999497959,False
2025-04-15,14,56892872,534.5432,56892872,0,534.543,0.0001999999999497959,False
2025-04-16,14,83484816,522.6614,83484816,0,522.6612,0.0001999999999497959,False
2025-04-17,14,40044740,523.4071,79868080,-39823340,523.4069,0.00020000000006348273,False
2025-04-21,14,69368128,510.9486,69368128,0,510.9484,0.0002000000000066393,False
2025-04-22,14,75948120,524.2423,75948120,0,524.2421,0.0001999999999497959,False
2025-04-23,14,61312864,532.3657,90590656,-29277792,532.3655,0.0001999999999497959,False
2025-04-24,14,64150416,543.5714,64150416,0,543.5712,0.00020000000006348273,False
2025-04-25,14,37455103,547.4989,61119592,-23664489,547.4987,0.00020000000006348273,False
2025-04-28,14,47613756,547.7077,47613756,0,547.7075,0.00020000000006348273,False
2025-04-29,14,47775120,551.1579,47775120,0,551.1577,0.00020000000006348273,False
2025-04-30,14,93101464,551.3766,93101464,0,551.3764,0.00020000000006348273,False
2025-05-01,14,63186144,555.2842,63186144,0,555.284,0.00020000000006348273,False
2025-05-02,14,60717272,563.527,60717272,0,563.5267,0.0003000000000383807,False
2025-05-05,14,38659224,560.2955,38659224,0,560.2953,0.0001999999999497959,False
2025-05-06,14,48264708,555.6123,48264708,0,555.6121,0.0001999999999497959,False
2025-05-07,14,55733228,557.949,55733228,0,557.9487,0.00029999999992469384,False
2025-05-08,14,65130788,561.8366,65130788,0,561.8364,0.0001999999999497959,False
2025-05-09,14,24629063,561.1208,37603428,-12974365,561.1205,0.0003000000000383807,False
2025-05-12,14,78993568,579.6644,78993568,0,579.6641,0.0003000000000383807,False
2025-05-13,14,67947224,583.4924,67947224,0,583.4922,0.0001999999999497959,False
2025-05-14,14,66283532,584.2382,66283532,0,584.2379,0.0003000000000383807,False
2025-05-15,14,71268144,587.0917,71268144,0,587.0915,0.0001999999999497959,False
2025-05-16,14,76052104,590.8104,76052104,0,590.8102,0.0001999999999497959,False
2025-05-19,14,68168512,591.4567,68168512,0,591.4565,0.0001999999999497959,False
2025-05-20,14,60614492,589.4681,60614492,0,589.4679,0.00020000000006348273,False
2025-05-21,14,95197656,579.5351,95197656,0,579.5349,0.00020000000006348273,False
2025-05-22,14,70860416,579.7638,70860416,0,579.7635,0.00029999999992469384,False
2025-05-23,14,76029048,575.8065,76029048,0,575.8063,0.00020000000006348273,False
2025-05-27,14,72588472,587.7778,72588472,0,587.7776,0.0001999999999497959,False
2025-05-28,14,68445512,584.3773,68445512,0,584.3771,0.0001999999999497959,False
2025-05-29,14,70073760,586.6841,70073760,0,586.6838,0.00029999999992469384,False
2025-05-30,14,90601240,586.0278,90601240,0,586.0276,0.0001999999999497959,False
2025-06-02,14,61630504,589.3289,61630504,0,589.3287,0.0001999999999497959,False
2025-06-03,14,63606204,592.6896,63606204,0,592.6894,0.00020000000006348273,False
2025-06-04,14,57314200,592.5305,57314200,0,592.5303,0.0001999999999497959,False
2025-06-05,14,92436400,589.6669,92436400,0,589.6667,0.00020000000006348273,False
2025-06-06,14,66588744,595.7222,66588744,0,595.722,0.00020000000006348273,False
2025-06-09,14,53016416,596.2592,53016416,0,596.2589,0.00029999999992469384,False
2025-06-10,14,66246972,599.6398,66246972,0,599.6395,0.0003000000000383807,False
2025-06-11,14,73658224,597.9296,73658224,0,597.9293,0.0003000000000383807,False
2025-06-12,14,64129004,600.3059,64129004,0,600.3057,0.0001999999999497959,False
2025-06-13,14,89506000,593.5944,89506000,0,593.5942,0.0001999999999497959,False
2025-06-16,14,79984128,599.242,79984128,0,599.2418,0.0001999999999497959,False
2025-06-17,14,82209368,594.1215,82209368,0,594.1212,0.00029999999992469384,False
2025-06-18,14,76605032,594.0319,76605032,0,594.0317,0.0001999999999497959,False
2025-06-20,14,94051376,592.6369,94051376,0,592.6368,9.999999997489795e-05,False
2025-06-23,14,87426040,598.4907,87426040,0,598.4906,9.999999997489795e-05,False
2025-06-24,14,67735296,605.1024,67735296,0,605.1022,0.0001999999999497959,False
2025-06-25,14,62114768,605.4414,62114768,0,605.4413,0.00010000000008858478,False
2025-06-26,14,78548360,610.1782,78548360,0,610.1782,0.0,False
2025-06-27,14,86258400,613.2098,86258400,0,613.2098,0.0,False
2025-06-30,14,92502544,616.1417,92502544,0,616.1417,0.0,False
2025-07-01,14,70030144,615.9423,70030144,0,615.9422,0.00010000000008858478,False
2025-07-02,14,66510376,618.7346,66510376,0,618.7344,0.0001999999999497959,False
2025-07-03,12,51065788,623.611,51065788,0,623.611,0.0,True
2025-07-07,14,74814504,618.9639,74814504,0,618.9638,9.999999997489795e-05,False
2025-07-08,14,59024584,618.6249,59024584,0,618.6248,9.999999997489795e-05,False
2025-07-09,14,66113328,622.3345,66113328,0,622.3345,0.0,False
2025-07-10,14,57528960,624.0897,57528960,0,624.0896,9.999999997489795e-05,False
2025-07-11,14,63670224,621.8958,63670224,0,621.8957,9.999999997489795e-05,False
2025-07-14,14,51898520,623.0825,51898520,0,623.0824,9.999999997489795e-05,False
2025-07-15,14,74317264,620.4199,74317264,0,620.4198,9.999999997489795e-05,False
2025-07-16,14,88987512,622.4941,88987512,0,622.494,9.999999997489795e-05,False
2025-07-17,14,68885680,626.3035,68885680,0,626.3035,0.0,False
2025-07-18,14,65621644,625.8448,65621644,0,625.8447,9.999999997489795e-05,False
2025-07-21,14,63374984,627.0316,63374984,0,627.0314,0.00020000000006348273,False
2025-07-22,14,60046288,627.1213,60046288,0,627.1212,9.999999997489795e-05,False
2025-07-23,14,70511040,632.4565,70511040,0,632.4564,9.999999997489795e-05,False
2025-07-24,14,71307136,632.6659,71307136,0,632.6658,9.999999997489795e-05,False
2025-07-25,14,56865364,635.3384,56865364,0,635.3384,0.0,False
2025-07-28,14,54917104,635.179,54917104,0,635.1788,0.0001999999999497959,False
2025-07-29,14,60556280,633.5036,60556280,0,633.5035,9.999999997489795e-05,False
2025-07-30,14,80418848,632.7058,80418848,0,632.7057,9.999999997489795e-05,False
2025-07-31,14,103385248,630.3324,103385248,0,630.3323,9.999999997489795e-05,False
2025-08-01,14,140103568,620.001,140103568,0,620.0009,9.999999997489795e-05,False
2025-08-04,14,73218016,629.4249,73218016,0,629.4248,9.999999997489795e-05,False
2025-08-05,14,68051400,626.2337,68051400,0,626.2336,9.999999997489795e-05,False
2025-08-06,14,64357524,631.0305,64357524,0,631.0303,0.0001999999999497959,False
2025-08-07,14,74205792,630.5019,74205792,0,630.5018,9.999999997489795e-05,False
2025-08-08,14,64051624,635.4183,64051624,0,635.4182,0.00010000000008858478,False
2025-08-11,14,58742300,634.1617,58742300,0,634.1617,0.0,False
2025-08-12,14,64821800,640.913,64821800,0,640.913,0.0,False
2025-08-13,14,60092792,643.107,60092792,0,643.1069,9.999999997489795e-05,False
2025-08-14,14,59327464,643.1668,59327464,0,643.1667,9.999999997489795e-05,False
2025-08-15,14,68592504,641.6609,68592504,0,641.6609,0.0,False
2025-08-18,14,43804912,641.5214,43804912,0,641.5213,9.999999997489795e-05,False
2025-08-19,14,69750728,638.041,69750728,0,638.041,0.0,False
2025-08-20,14,88890296,636.3457,88890296,0,636.3456,9.999999997489795e-05,False
2025-08-21,14,54805776,633.7928,54805776,0,633.7927,0.00010000000008858478,False
2025-08-22,14,84083216,643.5258,84083216,0,643.5257,9.999999997489795e-05,False
2025-08-25,14,51274332,640.6936,51274332,0,640.6935,9.999999997489795e-05,False
2025-08-26,14,51581564,643.3762,51581564,0,643.3762,0.0,False
2025-08-27,14,48341068,644.8422,48341068,0,644.842,0.00020000000006348273,False
2025-08-28,14,61519460,647.1258,61519460,0,647.1257,9.999999997489795e-05,False
2025-08-29,14,74522192,643.2665,74522192,0,643.2664,9.999999997489795e-05,False
2025-09-02,14,81983544,638.4998,81983544,0,638.4996,0.00020000000006348273,False
2025-09-03,14,70820896,641.9601,70820896,0,641.9601,0.0,False
2025-09-04,14,65219228,647.3253,65219228,0,647.3252,9.999999997489795e-05,False
2025-09-05,14,85178936,645.4504,85178936,0,645.4504,0.0,False
2025-09-08,14,63133104,647.0361,63133104,0,647.036,0.00010000000008858478,False
2025-09-09,14,66133856,648.5319,66133856,0,648.5319,0.0,False
2025-09-10,14,78034528,650.4067,78034528,0,650.4066,9.999999997489795e-05,False
2025-09-11,14,69934360,655.8117,69934360,0,655.8116,9.999999997489795e-05,False
2025-09-12,14,72780136,655.5923,72780136,0,655.5923,0.0,False
2025-09-15,14,63772412,659.0826,63772412,0,659.0826,0.0,False
2025-09-16,14,61168952,658.1752,61168952,0,658.1751,9.999999997489795e-05,False
2025-09-17,14,101952240,657.3574,101952240,0,657.3574,0.0,False
2025-09-18,14,90459240,660.429,90459240,0,660.4288,0.0001999999999497959,False
2025-09-19,14,97945616,663.7,97945616,0,663.7,0.0,False
2025-09-22,14,48564894,666.84,69452200,-20887306,666.84,0.0,False
2025-09-23,14,81708872,663.21,81708872,0,663.21,0.0,False
2025-09-24,14,68082232,661.1,68082232,0,661.1,0.0,False
2025-09-25,14,89622064,658.05,89622064,0,658.05,0.0,False
2025-09-26,14,69179208,661.82,69179208,0,661.82,0.0,False
2025-09-29,14,73499016,663.68,73499016,0,663.68,0.0,False
2025-09-30,14,86288032,666.18,86288032,0,666.18,0.0,False
2025-10-01,14,72545368,668.45,72545368,0,668.45,0.0,False
2025-10-02,14,56895992,669.22,56895992,0,669.22,0.0,False
2025-10-03,14,70494352,669.21,70494352,0,669.21,0.0,False
2025-10-06,14,54623260,671.61,54623260,0,671.61,0.0,False
2025-10-07,14,72020064,669.12,72020064,0,669.12,0.0,False
2025-10-08,14,60702240,673.11,60702240,0,673.11,0.0,False
2025-10-09,14,66501940,671.16,66501940,0,671.16,0.0,False
2025-10-10,14,159422592,653.02,159422592,0,653.02,0.0,False
2025-10-13,14,79560520,663.04,79560520,0,663.04,0.0,False
2025-10-14,14,88779560,662.23,88779560,0,662.23,0.0,False
2025-10-15,14,81702552,665.17,81702552,0,665.17,0.0,False
2025-10-16,14,110563344,660.64,110563344,0,660.64,0.0,False
2025-10-17,14,96500872,664.39,96500872,0,664.39,0.0,False
2025-10-20,14,60493352,671.3,60493352,0,671.3,0.0,False
2025-10-21,14,56249032,671.29,56249032,0,671.29,0.0,False
2025-10-22,14,80564008,667.8,80564008,0,667.8,0.0,False
2025-10-23,14,65604460,671.76,65604460,0,671.76,0.0,False
2025-10-24,14,74356528,677.25,74356528,0,677.25,0.0,False
2025-10-27,14,63339792,685.24,63339792,0,685.24,0.0,False
2025-10-28,14,61738072,687.06,61738072,0,687.06,0.0,False
2025-10-29,14,85362208,687.39,85362208,0,687.39,0.0,False
2025-10-30,14,76335752,679.83,76335752,0,679.83,0.0,False
2025-10-31,14,87164120,682.06,87164120,0,682.06,0.0,False
2025-11-03,14,41710084,683.34,57315024,-15604940,683.34,0.0,False
2025-11-04,14,78426968,675.24,78426968,0,675.24,0.0,False
2025-11-05,14,74402376,677.58,74402376,0,677.58,0.0,False
2025-11-06,14,85035296,670.31,85035296,0,670.31,0.0,False
2025-11-07,14,100592440,670.97,100592440,0,670.97,0.0,False
2025-11-10,14,75842888,681.44,75842888,0,681.44,0.0,False
2025-11-11,14,58953384,683.0,58953384,0,683.0,0.0,False
2025-11-12,14,62312484,683.38,62312484,0,683.38,0.0,False
2025-11-13,14,103457792,672.04,103457792,0,672.04,0.0,False
2025-11-14,14,96846672,671.93,96846672,0,671.93,0.0,False
2025-11-17,14,90456104,665.67,90456104,0,665.67,0.0,False
2025-11-18,14,114467488,660.08,114467488,0,660.08,0.0,False
2025-11-19,14,94702952,662.63,94702952,0,662.63,0.0,False
2025-11-20,14,165293520,652.53,165293520,0,652.53,0.0,False
2025-11-21,14,123956200,659.03,123956200,0,659.03,0.0,False
2025-11-24,14,80437936,668.73,80437936,0,668.73,0.0,False
2025-11-25,14,81077088,675.02,81077088,0,675.02,0.0,False
2025-11-26,14,71879600,679.68,71879600,0,679.68,0.0,False
2025-11-28,12,49212032,683.39,49212032,0,683.39,0.0,True
2025-12-01,14,61135952,680.27,61135952,0,680.27,0.0,False
